Chicago Landmark,Image,Designation date,Construction date or period,Location,Community Area,NRHP date,NHL date
227 East Walton Place Apartment Building,Upload image,"June 6, 2012",1956,"227 E. Walton Place
41°54′0.2″N 87°37′14.7″W﻿ / ﻿41.900056°N 87.620750°W﻿ / 41.900056; -87.620750﻿ (227 East Walton Place Apartment Building)",Near North Side,,
300 West Adams Building,,"May 13, 2009",1927,"300 W. Adams Street
41°52′47″N 87°38′09″W﻿ / ﻿41.87972°N 87.63583°W﻿ / 41.87972; -87.63583﻿ (300 West Adams Building)",Loop,,
333 North Michigan Building,,"February 7, 1997",1928,"333 N. Michigan Avenue
41°53′16″N 87°37′27″W﻿ / ﻿41.88778°N 87.62417°W﻿ / 41.88778; -87.62417﻿ (333 North Michigan Building)",Loop,,
35 East Wacker Building,,"February 9, 1994",1925–1927,"35 E. Wacker Drive
41°53′11″N 87°37′36″W﻿ / ﻿41.88639°N 87.62667°W﻿ / 41.88639; -87.62667﻿ (35 East Wacker Building)",Loop,,
42nd Precinct / Town Hall Police Station,,"June 6, 2013",1907,"3600 N. Halsted Street
41°56′51″N 87°39′00″W﻿ / ﻿41.94750°N 87.65000°W﻿ / 41.94750; -87.65000﻿ (42nd Precinct / Town Hall Police Stationg)",Lake View,,
63rd Street Bathing Pavilion,,"December 8, 2004",1919,"Intersection of S. Lake Shore Drive and E. 63rd Street
41°46′53″N 87°34′26″W﻿ / ﻿41.78139°N 87.57389°W﻿ / 41.78139; -87.57389﻿ (63rd Street Bathing Pavilion)",Woodlawn,,
6901 Oglesby Cooperative Apartment Building,Upload image,"September 10, 2008",1928–1929,"6901 S. Oglesby Avenue
41°46′11″N 87°34′04″W﻿ / ﻿41.76972°N 87.56778°W﻿ / 41.76972; -87.56778﻿ (6901 Oglesby Cooperative Apartment Building)",South Shore,,
860-880 Lake Shore Drive,,"June 10, 1996",1949–1951,"860-880 N. Lake Shore Drive
41°53′56″N 87°37′08″W﻿ / ﻿41.89889°N 87.61889°W﻿ / 41.89889; -87.61889﻿ (860-880 Lake Shore Drive)",Near North Side,"August 28, 1980",
Dr. Wallace C. Abbott House,,"March 1, 2006",1891,"4605 N. Hermitage Avenue
41°57′55″N 87°40′20″W﻿ / ﻿41.96528°N 87.67222°W﻿ / 41.96528; -87.67222﻿ (Dr. Wallace C. Abbott House)",Uptown,,
Adams House,,"June 16, 1994",1900–1901,"9326 S. Pleasant Avenue
41°43′27″N 87°40′12″W﻿ / ﻿41.72417°N 87.67000°W﻿ / 41.72417; -87.67000﻿ (Adams House)",Beverly,,
"All Saints Church and Rectory (Ravenswood, Illinois)",,"December 27, 1982","1883, 1905","4550 N. Hermitage Avenue
41°57′54″N 87°40′22″W﻿ / ﻿41.96500°N 87.67278°W﻿ / 41.96500; -87.67278﻿ (All Saints Church and Rectory (Ravenswood, Illinois))",Uptown,,
Allerton Hotel,,"May 29, 1998",1922–1924,"701 N. Michigan Avenue
41°53′43″N 87°37′25″W﻿ / ﻿41.89528°N 87.62361°W﻿ / 41.89528; -87.62361﻿ (Allerton Hotel)",Near North Side,,
Alta Vista Terrace District,,"September 15, 1971",1900–1904,3800 block of N. Alta Vista Terrace (1050 W),Lake View,"March 16, 1972",
American Book Company Building,,"July 29, 2009",1912,"320 E. Cermak Road/2132 S. Calumet Avenue
41°51′13″N 87°37′10″W﻿ / ﻿41.85361°N 87.61944°W﻿ / 41.85361; -87.61944﻿ (American Book Company Building)",Near South Side,,
American School of Correspondence,,"April 15, 1995",1906–1907,"850 E. 58th Street
41°47′23″N 87°36′14″W﻿ / ﻿41.78972°N 87.60389°W﻿ / 41.78972; -87.60389﻿ (American School of Correspondence)",Hyde Park,,
American System-Built Houses,,"July 13, 1994",1917,"10410 and 10541 S. Hoyne Avenue
41°42′16″N 87°40′28″W﻿ / ﻿41.70444°N 87.67444°W﻿ / 41.70444; -87.67444﻿ (American System-Built House)
41°42′06″N 87°40′26″W﻿ / ﻿41.70167°N 87.67389°W﻿ / 41.70167; -87.67389﻿ (American System-Built House)",Beverly,,
(Former) Anshe Sholom Synagogue Building,Upload image,"June 25, 2014",1926,"754 S. Independence Boulevard
41°52′16.2″N 87°43′14.7″W﻿ / ﻿41.871167°N 87.720750°W﻿ / 41.871167; -87.720750﻿ (Anshe Sholom Synagogue Building)",West Garfield Park,,
Arlington and Roslyn Place District,,"November 15, 1989",1894–1910,"400-blocks of W. Arlington Place and W. Roslyn Place, between N. Clark Street and N. Lakeview Avenue",Lincoln Park,,
Arlington-Deming District,Upload image,"September 27, 2007",1870–1930,"Predominantly 500- and 600-Blocks of W. Arlington Place, 500- and 600-Blocks of W. Deming Place, 2400-Block of N. Geneva Terrace; and 2400-Block of N. Orchard Street",Lincoln Park,,
Armitage-Halsted District,,"February 5, 2003",1870–1930,"Predominately W. Armitage Avenue between N. Halsted Street and N. Racine Avenue, and N. Halsted Street between W. Armitage Avenue and W. Webster Street",Lincoln Park,,
Assumption School Building,,"July 10, 2003",1899,"319 W. Erie Street
41°53′37″N 87°38′12″W﻿ / ﻿41.89361°N 87.63667°W﻿ / 41.89361; -87.63667﻿ (Assumption School Building)",Near North Side,,
Astor Street District,,"December 19, 1975",1880–1940,1200–1600 blocks of N. Astor Street (and cross streets),Near North Side,,
Auditorium Building,,"September 15, 1976",1886–1890,"430 S. Michigan Avenue
41°52′33″N 87°37′31″W﻿ / ﻿41.87583°N 87.62528°W﻿ / 41.87583; -87.62528﻿ (Auditorium Building)",Loop,"April 17, 1970","May 15, 1975"
Emil Bach House,,"September 28, 1977",1915,"7415 N. Sheridan Road
42°0′58″N 87°39′53″W﻿ / ﻿42.01611°N 87.66472°W﻿ / 42.01611; -87.66472﻿ (Bach House)",Rogers Park,"January 23, 1979",
Bachman House,,"December 9, 1992",1947–1948,"1244 W. Carmen Avenue
41°58′29″N 87°39′42″W﻿ / ﻿41.97472°N 87.66167°W﻿ / 41.97472; -87.66167﻿ (Bachman House)",Uptown,,
Beeson House and Coach House,,"January 20, 1999",1892,"5810 W. Midway Park
41°53′21″N 87°46′14″W﻿ / ﻿41.88917°N 87.77056°W﻿ / 41.88917; -87.77056﻿ (Beeson House and Coach House)",Austin,,
Belmont-Sheffield Trust and Savings Bank Building,,"July 9, 2008",1929,"1001 W. Belmont Avenue
41°56′23″N 87°39′16″W﻿ / ﻿41.93972°N 87.65444°W﻿ / 41.93972; -87.65444﻿ (Belmont-Sheffield Trust and Savings Bank Building)",Lake View,"March 1, 1984",
Beverly/Morgan Railroad District,,"April 15, 1995",1889–1945,"W. 91st, 95th, 99th, 107th, 111th, and 115th Streets, along the Metra railroad line",Beverly and Morgan Park,,
Biograph Theater,,"March 28, 2001",1914,"2433–43 N. Lincoln Avenue
41°55′35″N 87°38′59″W﻿ / ﻿41.92639°N 87.64972°W﻿ / 41.92639; -87.64972﻿ (Biograph Theater)",Lincoln Park,"May 17, 1984",
Bissell Street District,,"September 5, 2007",1883,2100-Block of N. Bissell Street between W. Webster and W. Dickens Avenues,Lincoln Park,,
Black Metropolis-Bronzeville District,Upload image,"September 9, 1998",1889–1936,"3619-27 S. State Street
3647-55 S. State Street
3763 S. Wabash Avenue
3435 S. Indiana Avenue
3140 S. Indiana Avenue
3533 S. Giles Avenue
315 E. 35th Street
3501 S. King Drive",Douglas,"April 30, 1986",
Blackstone Hotel,,"May 29, 1998",1908–1910,"636 S. Michigan Avenue
41°52′24″N 87°37′29″W﻿ / ﻿41.87333°N 87.62472°W﻿ / 41.87333; -87.62472﻿ (Blackstone Hotel)",Loop,"May 8, 1986",
Blackstone Library,,"December 8, 2010",1904,"4904 S. Lake Park Avenue
41°48′21″N 87°35′25″W﻿ / ﻿41.80583°N 87.59028°W﻿ / 41.80583; -87.59028﻿ (Blackstone Library)",Kenwood,,
Blackwell-Israel Samuel A.M.E. Zion Church Building,Upload image,"February 6, 2020",1886,"3956 S. Langley Avenue
41°49′21.2″N 87°36′36.2″W﻿ / ﻿41.822556°N 87.610056°W﻿ / 41.822556; -87.610056﻿ (Blackwell-Israel Samuel A.M.E. Zion Church Building)",Grand Boulevard,,
Brewster Apartments,,"October 6, 1982",1893,"2800 N. Pine Grove Avenue
41°55′59″N 87°38′30″W﻿ / ﻿41.93306°N 87.64167°W﻿ / 41.93306; -87.64167﻿ (Brewster Apartments)",Lake View,,
Brooks Building,,"January 14, 1997",1909–1910,"223 W. Jackson Boulevard
41°52′40″N 87°38′05″W﻿ / ﻿41.87778°N 87.63472°W﻿ / 41.87778; -87.63472﻿ (Brooks Building)",Loop,,
Gwendolyn Brooks House,Upload image,"February 10, 2010",1890,"7428 S. Evans Avenue
41°45′34.3″N 87°36′25″W﻿ / ﻿41.759528°N 87.60694°W﻿ / 41.759528; -87.60694﻿ (Gwendolyn Brooks House)",Greater Grand Crossing,,
"Bryn Mawr Apartment Hotel
Belle Shore Apartment Hotel",,"January 20, 1999",1928–1929,"5550 N. Kenmore Avenue
41°59′00″N 87°39′25″W﻿ / ﻿41.98333°N 87.65694°W﻿ / 41.98333; -87.65694﻿ (Bryn Mawr Apartment Hotel)
1062 W. Bryn Mawr Avenue
41°59′02″N 87°39′27″W﻿ / ﻿41.98389°N 87.65750°W﻿ / 41.98389; -87.65750﻿ (Belle Shore Apartment Hotel)",Edgewater,"April 20, 1995",
Clarence Buckingham Memorial Fountain and Garden,,"August 30, 2000",1927,"Bounded by S. Lake Shore Drive, E. Balbo Drive, S. Columbus Drive and E. Jackson Drive
41°52′33″N 87°37′08″W﻿ / ﻿41.87583°N 87.61889°W﻿ / 41.87583; -87.61889﻿ (Clarence Buckingham Memorial Fountain and Garden)",Loop,,
Burling Row House District,,"November 15, 2000",1875,2225–2245 N. Burling Street,Lincoln Park,,
Bush Temple of Music,,"June 27, 2001",1901,"100 W. Chicago Avenue
41°53′49″N 87°37′54″W﻿ / ﻿41.89694°N 87.63167°W﻿ / 41.89694; -87.63167﻿ (Bush Temple of Music)",Near North Side,,
Cable House,,"October 2, 1991",1886,"25 E. Erie Street
41°53′38″N 87°37′37″W﻿ / ﻿41.89389°N 87.62694°W﻿ / 41.89389; -87.62694﻿ (Cable House)",Near North Side,,
Cairo Supper House,,"August 7, 2014",1920,"4015-4017 N. Sheridan Road
41°57′19″N 87°39′15.8″W﻿ / ﻿41.95528°N 87.654389°W﻿ / 41.95528; -87.654389﻿ (Cairo Supper House)",Uptown,,
Alfred Caldwell Lily Pool,,"November 6, 2002",1936–1938,"North end of Lincoln Park Zoo at W. Fullerton Parkway
41°55′31″N 87°38′02″W﻿ / ﻿41.92528°N 87.63389°W﻿ / 41.92528; -87.63389﻿ (Alfred Caldwell Lily Pool)",Lincoln Park,"February 17, 2006","February 17, 2006"
Calumet/Giles Prairie District,Upload image,"July 13, 1988",1870–1910,"3100-3500 blocks of S. Calumet, Giles and Prairie Avenues",Douglas,,
Calumet National Bank Building,Upload image,"July 9, 2008",1910,"9117 S. Commercial Avenue
41°43′46.2″N 87°33′03″W﻿ / ﻿41.729500°N 87.55083°W﻿ / 41.729500; -87.55083﻿ (Calumet National Bank Building)",South Chicago,,
Calumet Park Fieldhouse,,"October 4, 2006",1922–1924,"9801 S. Avenue G
41°43′04″N 87°31′50″W﻿ / ﻿41.71778°N 87.53056°W﻿ / 41.71778; -87.53056﻿ (Calumet Park Fieldhouse)",East Side,"August 21, 2003",
Canaan Baptist Church of Christ Building,Upload image,"July 26, 2006",1904–1905,"6657-59 S. Harvard Avenue
41°46′22″N 87°37′59″W﻿ / ﻿41.77278°N 87.63306°W﻿ / 41.77278; -87.63306﻿ (Canaan Baptist Church of Christ Building)",Englewood,,
Carbide and Carbon Building,,"May 9, 1996",1929,"230 N. Michigan Avenue
41°53′12″N 87°37′30″W﻿ / ﻿41.88667°N 87.62500°W﻿ / 41.88667; -87.62500﻿ (Carbide and Carbon Building)",Loop,,
"Carson, Pirie, Scott and Company Building",,"November 5, 1970","1898–1899; 1902–1904
Additions in 1905–1906 and 1960–1961","1 S. State Street
41°52′54″N 87°37′38″W﻿ / ﻿41.88167°N 87.62722°W﻿ / 41.88167; -87.62722﻿ (Carson, Pirie, Scott and Company Building)",Loop,"April 17, 1970","May 15, 1975"
Cermak Road Bridge District,,"April 26, 2006",1901–1924,"Cermak Road, predominantly between Grove and Jefferson Streets",Lower West Side and Armour Square,"May 1, 2012",
Chapin and Gore Building,,"January 21, 1982",1904,"63 E. Adams Street
41°52′45.5″N 87°37′31.5″W﻿ / ﻿41.879306°N 87.625417°W﻿ / 41.879306; -87.625417﻿ (Chapin and Gore Building)",Loop,"June 27, 1979",
Charnley House,,"August 20, 1972",1891,"1365 N. Astor Street
41°54′27.5″N 87°37′39″W﻿ / ﻿41.907639°N 87.62750°W﻿ / 41.907639; -87.62750﻿ (Charnley House)",Near North Side,"April 17, 1970","August 5, 1998"
Chatham-Greater Grand Crossing Commercial District,Upload image,"October 8, 2008",1911–1930,"19 buildings in the vicinity of Cottage Grove Avenue and 75th and 79th Streets–two contiguous ""core"" areas and six non-contiguous individual buildings.",Chatham and Greater Grand Crossing,,
Chess Records Office and Studio,,"May 16, 1990",1911,"2120 S. Michigan Avenue
41°51′13″N 87°37′27″W﻿ / ﻿41.85361°N 87.62417°W﻿ / 41.85361; -87.62417﻿ (Chess Records Office and Studio)",Near South Side,,
Chicago & Alton Railway Bridge,,"December 12, 2007",1906,"East of Ashland Avenue and North of Archer Avenue, Fork of the South Branch of the Chicago River
41°50′23″N 87°39′53″W﻿ / ﻿41.83972°N 87.66472°W﻿ / 41.83972; -87.66472﻿ (Chicago & Alton Railway Bridge)",McKinley Park,,
Chicago & Illinois Western Railway Bridge,Upload image,"December 12, 2007",1914,"33rd Street and East of Kedzie Avenue, Slip of the Chicago Sanitary and Ship Canal.
41°49′56″N 87°42′10″W﻿ / ﻿41.83222°N 87.70278°W﻿ / 41.83222; -87.70278﻿ (Chicago & Illinois Western Railway Bridge)",Brighton Park,,
Chicago & North Western Railway Office Building,,"May 20, 2020",1905,"226 W. Jackson Boulevard
41°52′43″N 87°38′5.8″W﻿ / ﻿41.87861°N 87.634944°W﻿ / 41.87861; -87.634944﻿ (Chicago & North Western Railway Office Building)",Loop,,
Chicago & North Western Railway Powerhouse,,"January 11, 2006",1909–1911,"211 N. Clinton Street
41°53′11″N 87°38′25″W﻿ / ﻿41.88639°N 87.64028°W﻿ / 41.88639; -87.64028﻿ (Chicago & North Western Railway Powerhouse)",Near West Side,"October 12, 2004",
Chicago & Northwestern Railway Bridge,,"December 12, 2007",1907–1908,"South of Kinzie Street and East of Canal Street, North Branch of the Chicago River
41°53′18.5″N 87°38′21″W﻿ / ﻿41.888472°N 87.63917°W﻿ / 41.888472; -87.63917﻿ (Chicago & Northwestern Railway Bridge)",Near North Side,,
Chicago & Western Indiana Railroad Bridge,,"December 12, 2007",1967–1968,"North of 126th Street and East of Torrence Avenue, Calumet River
41°40′10″N 87°33′32″W﻿ / ﻿41.66944°N 87.55889°W﻿ / 41.66944; -87.55889﻿ (Chicago & Western Indiana Railroad Bridge)",South Deering,,
Chicago Bee Building,,"September 9, 1998",1929–1931,"3647-3655 S. State Street
41°49′41″N 87°37′34.5″W﻿ / ﻿41.82806°N 87.626250°W﻿ / 41.82806; -87.626250﻿ (Chicago Bee Building)",Douglas,"April 30, 1986",
Chicago Board of Trade Building,,"May 4, 1977",1930,"141 W. Jackson Boulevard
41°52′40″N 87°37′56″W﻿ / ﻿41.87778°N 87.63222°W﻿ / 41.87778; -87.63222﻿ (Chicago Board of Trade Building)",Loop,"June 16, 1978","June 2, 1978"
Chicago Building,,"March 26, 1996",1904–1905,"7 W. Madison Street
41°52′54.5″N 87°37′41″W﻿ / ﻿41.881806°N 87.62806°W﻿ / 41.881806; -87.62806﻿ (Chicago Building)",Loop,"September 5, 1975",
Chicago City Bank and Trust Building,,"October 8, 2008",1929–1930,"815 W. 63rd Street
41°46′46″N 87°38′44″W﻿ / ﻿41.77944°N 87.64556°W﻿ / 41.77944; -87.64556﻿ (Chicago City Bank and Trust Building)",Englewood,,
Chicago Defender Building,,"September 9, 1998",1899,"3435 S. Indiana Avenue
41°49′54.5″N 87°37′17″W﻿ / ﻿41.831806°N 87.62139°W﻿ / 41.831806; -87.62139﻿ (Chicago Defender Building)",Douglas,,
Site of the Origin of the Chicago Fire of 1871,,"September 15, 1971","1871
Sculpture erected 1961","W. DeKoven and S. Jefferson Streets
41°52′08.5″N 87°38′32″W﻿ / ﻿41.869028°N 87.64222°W﻿ / 41.869028; -87.64222﻿ (Site of the Origin of the Chicago Fire of 1871)",Near West Side,,
Chicago Harbor Lighthouse,,"April 9, 2003",1893; 1917–1918,"South End of the North Breakwater, North Side of the Chicago Harbor Entrance
41°53′21.5″N 87°35′26″W﻿ / ﻿41.889306°N 87.59056°W﻿ / 41.889306; -87.59056﻿ (Chicago Harbor Lighthouse)",Near North Side,"July 19, 1984",
Former Chicago Historical Society Building,,"February 26, 1997",1892,"632 N. Dearborn Street
41°53′36″N 87°37′48″W﻿ / ﻿41.89333°N 87.63000°W﻿ / 41.89333; -87.63000﻿ (Former Chicago Historical Society Building)",Near North Side,"November 28, 1978",
"Chicago, Milwaukee & St. Paul Railway Bridge No. Z-2",,"December 12, 2007",1901–1902,"N. Cherry Avenue and W. North Avenue, North Branch of the Chicago River41°54′37″N 87°39′20″W﻿ / ﻿41.91028°N 87.65556°W﻿ / 41.91028; -87.65556﻿ (Chicago, Milwaukee & St. Paul Railway Bridge No. Z-2)",Near North Side,,
Chicago Motor Club Building,,"March 1, 2012",1928,"68 E. Wacker Place
41°53′13.8″N 87°37′31.5″W﻿ / ﻿41.887167°N 87.625417°W﻿ / 41.887167; -87.625417﻿ (Chicago Motor Club Building)",Loop,,
Chicago Orphan Asylum Building,,"May 13, 2009",1898–1999,"5120 S. Dr. Martin Luther King Jr. Drive
41°48′05″N 87°36′59″W﻿ / ﻿41.80139°N 87.61639°W﻿ / 41.80139; -87.61639﻿ (Chicago Orphan Asylum Building)",Washington Park,,
Chicago Public Library/Cultural Center,,"November 15, 1976",1897,"78 E. Washington Street
41°53′02″N 87°37′30″W﻿ / ﻿41.88389°N 87.62500°W﻿ / 41.88389; -87.62500﻿ (Chicago Public Library/Cultural Center)",Loop,"July 31, 1972",
Chicago Theatre,,"January 28, 1983",1921,"175 N. State Street
41°53′07″N 87°37′39″W﻿ / ﻿41.88528°N 87.62750°W﻿ / 41.88528; -87.62750﻿ (Chicago Theatre)",Loop,"June 6, 1979",
Chicago Varnish Company Building,,"July 25, 2001",1895,"33 W. Kinzie Street
41°53′20.5″N 87°37′45.5″W﻿ / ﻿41.889028°N 87.629306°W﻿ / 41.889028; -87.629306﻿ (Chicago Varnish Company Building)",Near North Side,"June 14, 2001",
City Hall-County Building,,"January 21, 1982",1905–1908; 1909–1911,"121 N. LaSalle Street/118 N. Clark Street
41°53′02″N 87°37′54″W﻿ / ﻿41.88389°N 87.63167°W﻿ / 41.88389; -87.63167﻿ (City Hall-County Building)",Loop,,
Civic Opera Building,,"February 5, 1998",1927–1929,"20 N. Wacker Drive
41°52′57″N 87°38′15″W﻿ / ﻿41.88250°N 87.63750°W﻿ / 41.88250; -87.63750﻿ (Civic Opera Building)",Loop,,
Clarke House,,"October 14, 1970",1836,"1855 S. Indiana Avenue
41°51′25.5″N 87°37′19″W﻿ / ﻿41.857083°N 87.62194°W﻿ / 41.857083; -87.62194﻿ (Clarke House)",Near South Side,"May 6, 1971",
Colvin House,,"October 5, 1994",1909,"5940 N. Sheridan Road
41°59′25″N 87°39′20.5″W﻿ / ﻿41.99028°N 87.655694°W﻿ / 41.99028; -87.655694﻿ (Colvin House)",Edgewater,,
Commercial National Bank Building,,"June 22, 2016",1909,"125 S. Clark Street
41°52′48.2″N 87°37′49.8″W﻿ / ﻿41.880056°N 87.630500°W﻿ / 41.880056; -87.630500﻿ (Commercial National Bank Building)",Loop,"June 1, 2013",
Congress Theater,,"July 10, 2002",1925–1926,"2117–2139 N. Milwaukee Avenue / 2117–2139 N. Rockwell Street
41°55′12″N 87°41′32″W﻿ / ﻿41.92000°N 87.69222°W﻿ / 41.92000; -87.69222﻿ (Congress Theater)",Logan Square,,
Continental and Commercial Bank Building,,"December 12, 2007",1914,"208 S. LaSalle Street
41°52′45″N 87°37′58″W﻿ / ﻿41.87917°N 87.63278°W﻿ / 41.87917; -87.63278﻿ (Continental and Commercial Bank Building)",Loop,"February 14, 2007",
Continental Center,,"June 27, 2012",1961–1962,"55 E. Jackson Boulevard
41°52′41″N 87°37′32″W﻿ / ﻿41.87806°N 87.62556°W﻿ / 41.87806; -87.62556﻿ (Continental Center)",Loop,,
Cook County Hospital Administration Building,,"January 23, 2019",1912–1914,"1835 West Harrison Street
41°52′26.2″N 87°40′22.5″W﻿ / ﻿41.873944°N 87.672917°W﻿ / 41.873944; -87.672917﻿ (Cook County Hospital Administration Building)",Near West Side,,
Cortland Street Drawbridge,,"July 24, 1991",1902,"1440 W. Cortland Street
41°55′01″N 87°39′51″W﻿ / ﻿41.91694°N 87.66417°W﻿ / 41.91694; -87.66417﻿ (Cortland Street Drawbridg)",Lincoln Park,,
Cosmopolitan State Bank Building,,"October 8, 2008","1920
1995 Addition","801 N. Clark Street
41°53′49″N 87°37′51″W﻿ / ﻿41.89694°N 87.63083°W﻿ / 41.89694; -87.63083﻿ (Cosmopolitan State Bank Building)",Near North Side,,
Courthouse Place,,"June 9, 1993",1893,"54 W. Hubbard Street
41°53′25″N 87°37′48″W﻿ / ﻿41.89028°N 87.63000°W﻿ / 41.89028; -87.63000﻿ (Courthouse Place)",Near North Side,"November 13, 1984",
Crown Hall,,"October 1, 1997",1950–1956,"3360 S. State Street
41°49′59″N 87°37′37″W﻿ / ﻿41.83306°N 87.62694°W﻿ / 41.83306; -87.62694﻿ (Crown Hall)",Douglas,"August 7, 2001","August 7, 2001"
Daley Center,,"November 6, 2002","1965
1967 Picasso Sculpture","50 W. Washington Street
41°53′02″N 87°37′49″W﻿ / ﻿41.88389°N 87.63028°W﻿ / 41.88389; -87.63028﻿ (Daley Center)",Loop,,
Dearborn Street Station,,"March 2, 1982",1885,"47 W. Polk Street
41°52′19″N 87°37′45″W﻿ / ﻿41.87194°N 87.62917°W﻿ / 41.87194; -87.62917﻿ (Dearborn Street Station)",Loop,"March 26, 1976",
Delaware Building,,"November 23, 1983","1872–1874
1889 two-story addition.","36 W. Randolph Street
41°53′05″N 87°37′45″W﻿ / ﻿41.88472°N 87.62917°W﻿ / 41.88472; -87.62917﻿ (Delaware Building)",Loop,"July 18, 1974",
August Dewes House,,"March 9, 2005",1894–1896,"509 W. Wrightwood Avenue
41°55′49″N 87°38′30.5″W﻿ / ﻿41.93028°N 87.641806°W﻿ / 41.93028; -87.641806﻿ (August Dewes House)",Lincoln Park,,
Francis J. Dewes House,,"June 12, 1974",1896,"503 W. Wrightwood Avenue
41°55′49″N 87°38′29.5″W﻿ / ﻿41.93028°N 87.641528°W﻿ / 41.93028; -87.641528﻿ (Francis J. Dewes House)",Lincoln Park,"August 14, 1973",
Dexter Building,,"July 31, 1996",1887,"630 S. Wabash Avenue
41°52′25″N 87°37′35″W﻿ / ﻿41.87361°N 87.62639°W﻿ / 41.87361; -87.62639﻿ (Dexter Building)",Loop,,
R.R. Donnelley and Sons Co. Calumet Plant,,"March 31, 2004","1912, 1925, 1929","350 E. Cermak Road
41°51′12″N 87°37′06″W﻿ / ﻿41.85333°N 87.61833°W﻿ / 41.85333; -87.61833﻿ (R.R. Donnelley and Sons Co. Calumet Plant)",Near South Side,"February 17, 1983",
Stephen A. Douglas Tomb,,"September 28, 1977",1881,"636 E. 35th Street
41°49′54″N 87°36′30″W﻿ / ﻿41.83167°N 87.60833°W﻿ / 41.83167; -87.60833﻿ (Stephen A. Douglas Tomb)",Douglas,"May 28, 1976",
Dover Street District,,"December 12, 2007",1893–1927,"Predominantly 4500–, 4600- and 4700-Blocks of N. Dover Street; and four properties located at 4742-4754 N. Beacon Street",Uptown,,
Joseph Downey House and Coach House,,"April 4, 2013",1906,"6205 N. Sheridan Road
41°59′41.5″N 87°39′19″W﻿ / ﻿41.994861°N 87.65528°W﻿ / 41.994861; -87.65528﻿ (Joseph Downey House and Coach House)",Edgewater,,
Drake Fountain,,"March 10, 2004","1892
Relocated 1909","92nd Street at South Chicago and Exchange Avenues
41°43′41″N 87°33′10″W﻿ / ﻿41.72806°N 87.55278°W﻿ / 41.72806; -87.55278﻿ (Drake Fountain)",South Chicago,,
DuPont-Whitehouse House,,"April 16, 1996",1875–1876,"3558 S. Artesian Avenue
41°49′43″N 87°41′11″W﻿ / ﻿41.82861°N 87.68639°W﻿ / 41.82861; -87.68639﻿ (DuPont-Whitehouse House)",McKinley Park,,
DuSable High School,,"October 31, 2012",1931–1935,"4934 S. Wabash Avenue
41°48′17″N 87°37′30″W﻿ / ﻿41.80472°N 87.62500°W﻿ / 41.80472; -87.62500﻿ (DuSable High School)",Grand Boulevard,,
East Lake Shore Drive District,,"April 18, 1985",1912–1929,"140 E. Walton Street, 179-229 E. Lake Shore Drive, and 999 N. Lake Shore Drive",Near North Side,,
East Village District,,"January 11, 2006",,"Four sections primarily situated on N. Winchester Avenue, N. Wolcott Avenue, N. Honore Street, and N. Hermitage Avenue between W. Chicago Avenue and W. Division Street",West Town,"December 8, 2009",
Ebenezer Missionary Baptist Church (formerly Isaiah Temple),,"July 28, 2011",1898–1899,"4501 S. Vincennes Avenue
41°48′46.9″N 87°36′48.9″W﻿ / ﻿41.813028°N 87.613583°W﻿ / 41.813028; -87.613583﻿ (Ebenezer Missionary Baptist Church)",Grand Boulevard,,
"Eighth Church of Christ, Scientist",,"June 9, 1993",1910–1911,"4359 S. Michigan Avenue
41°48′54″N 87°37′21″W﻿ / ﻿41.81500°N 87.62250°W﻿ / 41.81500; -87.62250﻿ (Eighth Church of Christ, Scientist)",Grand Boulevard,,
Eighth Regiment Armory,,"September 9, 1998",1914–1915,"3533 S. Giles Avenue
41°49′49″N 87°37′08″W﻿ / ﻿41.83028°N 87.61889°W﻿ / 41.83028; -87.61889﻿ (Eighth Regiment Armory)",Douglas,"April 30, 1986",
Elam House,,"March 21, 1979",1903,"4726 S. Dr. Martin Luther King Jr. Drive
41°48′30.5″N 87°37′01.5″W﻿ / ﻿41.808472°N 87.617083°W﻿ / 41.808472; -87.617083﻿ (Elam House)",Grand Boulevard,,
Eliel House,,"October 2, 1991",1886,"4122 S. Ellis Avenue
41°49′09.4″N 87°36′09.5″W﻿ / ﻿41.819278°N 87.602639°W﻿ / 41.819278; -87.602639﻿ (Eliel House)",Oakland,,
Elks National Memorial Headquarters Building,,"October 1, 2003",1924–1926,"2750 N. Lakeview Avenue
41°55′56″N 87°38′24″W﻿ / ﻿41.93222°N 87.64000°W﻿ / 41.93222; -87.64000﻿ (Elks National Memorial Headquarters Building)",Lincoln Park,,
"Engine Company 5, Truck 2",,"October 1, 2003",1928,"324 S. Desplaines Street
41°52′38″N 87°38′40″W﻿ / ﻿41.87722°N 87.64444°W﻿ / 41.87722; -87.64444﻿ (Engine Company 5, Truck 2)",Near West Side,,
Engine Company 27 (Former),,"October 1, 2003","1874
1907 addition","1244 N. Wells Street
41°54′18.7″N 87°38′05″W﻿ / ﻿41.905194°N 87.63472°W﻿ / 41.905194; -87.63472﻿ (Engine Company 27 (Former))",Near North Side,,
"Engine Company 35, Truck 28 (Former)",,"October 1, 2003","1894
1904 addition","1625 N. Damen Avenue
41°54′40.5″N 87°40′38″W﻿ / ﻿41.911250°N 87.67722°W﻿ / 41.911250; -87.67722﻿ (Engine Company 35, Truck 28 (Former))",West Town,,
Engine Company 42 (Former),,"December 12, 2007",1887,"228 W. Illinois Street
41°53′27.5″N 87°38′07″W﻿ / ﻿41.890972°N 87.63528°W﻿ / 41.890972; -87.63528﻿ (Engine Company 42 Firehouse (Former))",Near North Side,,
"Engine Company 45, Truck 15",,"October 1, 2003",1928,"4600 S. Cottage Grove Avenue
41°48′40.3″N 87°36′25″W﻿ / ﻿41.811194°N 87.60694°W﻿ / 41.811194; -87.60694﻿ (Engine Company 45, Truck 15)",Grand Boulevard,,
"Engine Company 59, Truck 47",,"October 1, 2003",1928,"5714 N. Ridge Avenue
41°59′09″N 87°39′50″W﻿ / ﻿41.98583°N 87.66389°W﻿ / 41.98583; -87.66389﻿ (Engine Company 59, Truck 47)",Edgewater,,
Engine Company 61,,"October 1, 2003",1927–1928,"5349 S. Wabash Avenue
41°47′48″N 87°37′26″W﻿ / ﻿41.79667°N 87.62389°W﻿ / 41.79667; -87.62389﻿ (Engine Company 61)",Washington Park,,
"Engine Company 65, Truck 52",,"October 1, 2003",1929,"3000 W. 42nd Street
41°49′03″N 87°41′59″W﻿ / ﻿41.81750°N 87.69972°W﻿ / 41.81750; -87.69972﻿ (Engine Company 65, Truck 52)",Brighton Park,,
Engine Company 78,,"October 1, 2003",1915,"1052 W. Waveland Avenue
41°56′57″N 87°39′23.5″W﻿ / ﻿41.94917°N 87.656528°W﻿ / 41.94917; -87.656528﻿ (Engine Company 78)",Lake View,,
"Engine Company 84, Truck 51",,"October 1, 2003",1929,"6204 S. Green Street
41°46′52.5″N 87°38′47″W﻿ / ﻿41.781250°N 87.64639°W﻿ / 41.781250; -87.64639﻿ (Engine Company 84, Truck 51)",Englewood,,
Engine Company 86 (Former),,"October 1, 2003",1899,"2414 W. Cuyler Avenue
41°57′19″N 87°41′21″W﻿ / ﻿41.95528°N 87.68917°W﻿ / 41.95528; -87.68917﻿ (Engine Company 86 (Former))",North Center,,
"Engine Company 104, Truck 31 (Former)",,"October 1, 2003",1905,"1401 S. Michigan Avenue
41°51′50″N 87°37′26″W﻿ / ﻿41.86389°N 87.62389°W﻿ / 41.86389; -87.62389﻿ (Engine Company 104, Truck 31 (Former))",Near South Side,,
"Engine Company 129, Truck 50",,"October 1, 2003",1928–1929,"8120 S. Ashland Avenue
41°44′45.5″N 87°39′49″W﻿ / ﻿41.745972°N 87.66361°W﻿ / 41.745972; -87.66361﻿ (Engine Company 129, Truck 50)",Auburn Gresham,,
Epworth United Methodist Church,,"June 21, 2023",1930,"5253 N. Kenmore Avenue
41°58′41.2″N 87°39′22.4″W﻿ / ﻿41.978111°N 87.656222°W﻿ / 41.978111; -87.656222﻿ (Epworth United Methodist Church)",Edgewater,"June 10, 2008",
Essanay Studios,,"March 26, 1996",1908–1915,"1333-45 W. Argyle Street
41°58′21″N 87°39′49″W﻿ / ﻿41.97250°N 87.66361°W﻿ / 41.97250; -87.66361﻿ (Essanay Studios)",Uptown,,
Essex Inn,,"December 1, 2016",1961,"800 S. Michigan Avenue
41°52′18.9″N 87°37′28.7″W﻿ / ﻿41.871917°N 87.624639°W﻿ / 41.871917; -87.624639﻿ (Essex Inn)",Loop,,
Farwell Building,,"March 10, 2004",1927,"664 N. Michigan Avenue
41°53′39.4″N 87°37′29″W﻿ / ﻿41.894278°N 87.62472°W﻿ / 41.894278; -87.62472﻿ (Farwell Building)",Near North Side,,
Field Building,,"February 9, 1994",1928–1934,"135 S. LaSalle Street
41°52′47″N 87°37′54″W﻿ / ﻿41.87972°N 87.63167°W﻿ / 41.87972; -87.63167﻿ (Field Building)",Loop,,
Fine Arts Building,,"June 7, 1978","1885
Two story addition 1898","410 S. Michigan Avenue
41°52′35″N 87°37′29″W﻿ / ﻿41.87639°N 87.62472°W﻿ / 41.87639; -87.62472﻿ (Fine Arts Building)",Loop,"August 11, 1975",
First Baptist Congregational Church,,"January 21, 1982",1871,"60 N. Ashland Avenue
41°52′59″N 87°40′02″W﻿ / ﻿41.88306°N 87.66722°W﻿ / 41.88306; -87.66722﻿ (First Baptist Congregational Church)",Near West Side,,
First Church of Deliverance,,"October 5, 1994","1939
Towers added 1946","4315 S. Wabash Avenue
41°48′57″N 87°37′27″W﻿ / ﻿41.81583°N 87.62417°W﻿ / 41.81583; -87.62417﻿ (First Church of Deliverance)",Grand Boulevard,,
Fisher Building,,"June 7, 1978","1896
1907 addition","343 S. Dearborn Street
41°52′38″N 87°37′44.5″W﻿ / ﻿41.87722°N 87.629028°W﻿ / 41.87722; -87.629028﻿ (Fisher Building)",Loop,"March 16, 1976",
Fisher Studio Houses,,"July 31, 1996",1936,"1209 N. State Parkway
41°54′15.3″N 87°37′42″W﻿ / ﻿41.904250°N 87.62833°W﻿ / 41.904250; -87.62833﻿ (Fisher Studio Houses)",Near North Side,,
Five Houses on Avers District,,"March 2, 1994",1892–1894,"1942, 1950, 1952, 1958 and 2102 S. Avers Avenue",North Lawndale,,
Florsheim Shoe Company Building,,"March 29, 2006",1924–1926,"3963 W. Belmont Avenue
41°56′20″N 87°43′53″W﻿ / ﻿41.93889°N 87.73139°W﻿ / 41.93889; -87.73139﻿ (Florsheim Shoe Company Building)",Avondale,,
Site of Fort Dearborn,,"September 15, 1971",1803–1837,"Intersection of N. Michigan Avenue and E. Wacker Drive
41°53′18″N 87°37′28″W﻿ / ﻿41.88833°N 87.62444°W﻿ / 41.88833; -87.62444﻿ (Site of Fort Dearborn)",Loop,,
Foster House and Stable,,"May 9, 1996",1900,"12147 S. Harvard Avenue
41°40′22″N 87°37′50″W﻿ / ﻿41.67278°N 87.63056°W﻿ / 41.67278; -87.63056﻿ (Foster House and Stable)",West Pullman,,
Fremont Row House District,,"March 10, 2004",1875,2100–2144 N. Fremont Street (even addresses),Lincoln Park,,
Fullerton State Bank (Former),,"July 9, 2008",1923,"1423-27 W. Fullerton Avenue
41°55′30″N 87°39′51.5″W﻿ / ﻿41.92500°N 87.664306°W﻿ / 41.92500; -87.664306﻿ (Fullerton State Bank (Former))",Lincoln Park,,
Fulton-Randolph Market District,,"July 29, 2015",1904–1916,"Primarily the 800- to 1100-blocks of W. Fulton Market Street, the 900-block of W. Lake Street, and the 700- to 1000-blocks of W. Randolph Street",Near West Side,,
Gage Group Buildings,,"September 11, 1996",1899–1900,"18, 24 and 30 S. Michigan Avenue",Loop,"November 14, 1985
41°52′52.5″N 87°37′29″W﻿ / ﻿41.881250°N 87.62472°W﻿ / 41.881250; -87.62472﻿ (Gage Group Buildings)",
"Garfield Boulevard ""L"" Station and Overpass",,"December 12, 2001",1892,"319 E. Garfield Boulevard
41°47′39.5″N 87°37′06″W﻿ / ﻿41.794306°N 87.61833°W﻿ / 41.794306; -87.61833﻿ (Garfield Boulevard ""L"" Station and Overpass)",Washington Park,,
Garfield Park Fieldhouse,,"November 18, 2009",1928,"100 N. Central Park Avenue
41°52′58″N 87°42′57″W﻿ / ﻿41.88278°N 87.71583°W﻿ / 41.88278; -87.71583﻿ (Garfield Park Fieldhouse)",East Garfield Park,"August 31, 1993",
Gauler Twin Houses,,"June 28, 2000",1908,"5917 and 5921 N. Magnolia Avenue
41°59′22.7″N 87°39′41″W﻿ / ﻿41.989639°N 87.66139°W﻿ / 41.989639; -87.66139﻿ (Gauler Twin Houses)",Edgewater,"June 17, 1977",
Greater Union Baptist Church,,"April 19, 2023",,"1956 W. Warren Boulevard
41°52′57.6″N 87°40′35″W﻿ / ﻿41.882667°N 87.67639°W﻿ / 41.882667; -87.67639﻿ (Greater Union Baptist Church)",Near West Side,,
Henry Gerber House,,"June 6, 2001",1885,"1710 N. Crilly Court
41°54′47.5″N 87°38′09.5″W﻿ / ﻿41.913194°N 87.635972°W﻿ / 41.913194; -87.635972﻿ (Henry Gerber House)",Lincoln Park,"June 21, 2015","June 21, 2015"
Germania Club Building,,"January 13, 2011",1889,"1538–1542 N. Clark Street
41°54′38″N 87°37′55″W﻿ / ﻿41.91056°N 87.63194°W﻿ / 41.91056; -87.63194﻿ (Germania Club Buildinge)",Near North Side,,
Getty Tomb,,"March 10, 1971",1890,"Graceland Cemetery, N. Clark Street and W. Irving Park Road
41°57′40.5″N 87°39′40.3″W﻿ / ﻿41.961250°N 87.661194°W﻿ / 41.961250; -87.661194﻿ (Getty Tomb)",Uptown,"February 15, 1974",
Giles-Calumet District,,"July 29, 2009",1885–1923,"Consisting of the following addresses: 3737 through 3847
S. Giles Avenue (odds); 3800 through 3848 S. Calumet Avenue (evens);
3831 through 3847 S. Calumet Avenue (odds); 310 E. 38th Street",Douglas,,
Glessner House,,"October 14, 1970",1886,"1800 S. Prairie Avenue
41°51′28″N 87°37′16″W﻿ / ﻿41.85778°N 87.62111°W﻿ / 41.85778; -87.62111﻿ (Glessner Hous)",Near South Side,"April 17, 1970","January 7, 1976"
Goldblatt Bros. Department Store,,"April 1, 1998",1921–1922; 1925–1928,"1613-35 W. Chicago Avenue
41°53′45″N 87°40′06″W﻿ / ﻿41.89583°N 87.66833°W﻿ / 41.89583; -87.66833﻿ (Goldblatt Bros. Department Store)",West Town,,
Greenwood Row House District,,"December 8, 2004",1903,5200-44 S. Greenwood Avenue,Hyde Park,,
Walter Burley Griffin Place District,,"November 13, 1981",1909–1914,1600–1800 blocks of W. Griffin Place (formerly West 104th Place),Beverly,,
Griffiths-Burroughs House,,"February 10, 2010",1892,"3806 S. Michigan Avenue
41°49′31″N 87°37′25″W﻿ / ﻿41.82528°N 87.62361°W﻿ / 41.82528; -87.62361﻿ (Griffiths-Burroughs House)",Douglas,"March 5, 1982",
Groesbeck House,,"January 12, 1993",1869,"1304 W. Washington Boulevard
41°52′59.5″N 87°39′36″W﻿ / ﻿41.883194°N 87.66000°W﻿ / 41.883194; -87.66000﻿ (Groesbeck House)",Near West Side,"February 4, 1993",
Samuel H. Gunder House and Coach House,,"April 4, 2013",1909–1910,"6219 N. Sheridan Road
41°59′43″N 87°39′18″W﻿ / ﻿41.99528°N 87.65500°W﻿ / 41.99528; -87.65500﻿ (Samuel H. Gunder House and Coach House)",Edgewater,,
"George Cleveland Hall Branch, Chicago Public Library",,"February 10, 2010",1931,"4801 S. Michigan Avenue
41°48′26″N 87°37′20″W﻿ / ﻿41.80722°N 87.62222°W﻿ / 41.80722; -87.62222﻿ (George Cleveland Hall Branch, Chicago Public Library)",Grand Boulevard,,
Lorraine Hansberry House,,"February 10, 2010",1909,"6140 S. Rhodes Avenue
41°46′58″N 87°36′44″W﻿ / ﻿41.78278°N 87.61222°W﻿ / 41.78278; -87.61222﻿ (Lorraine Hansberry House)",Woodlawn,,
Harris and Selwyn Theaters,,"March 31, 1983",1922,"180-190 N. Dearborn Street
41°53′06″N 87°37′47″W﻿ / ﻿41.88500°N 87.62972°W﻿ / 41.88500; -87.62972﻿ (Harris and Selwyn Theaters)",Loop,,
Haskell-Barker-Atwater Buildings,,"November 13, 1996","1875–1877
18 S. Wabash remodeled 1896","18, 22, 28 S. Wabash Avenue
41°52′23″N 87°37′35″W﻿ / ﻿41.87306°N 87.62639°W﻿ / 41.87306; -87.62639﻿ (Haskell-Barker-Atwater Buildings)",Loop,,
Hawthorne Place District,,"March 26, 1996",1884–1937,530-593 W. Hawthorne Place,Lake View,,
Site of the Haymarket Tragedy,,"March 25, 1992",1886,"151-199 N. Desplaines Street
41°53′05.6″N 87°38′39″W﻿ / ﻿41.884889°N 87.64417°W﻿ / 41.884889; -87.64417﻿ (Site of the Haymarket Tragedy)",Near West Side,,
Hazelton-Mikota House,,"July 27, 2005",1881,"5453 N. Forest Glen Avenue
41°58′52″N 87°45′14″W﻿ / ﻿41.98111°N 87.75389°W﻿ / 41.98111; -87.75389﻿ (Hazelton-Mikota House)",Forest Glen,,
Heald Square Monument,,"September 15, 1971",1936–1941,"E. Wacker Drive at N. Wabash Avenue
41°53′14″N 87°37′36.6″W﻿ / ﻿41.88722°N 87.626833°W﻿ / 41.88722; -87.626833﻿ (Heald Square Monument)",Loop,,
Heller House,,"September 15, 1971",1897,"5132 S. Woodlawn Avenue
41°48′05″N 87°35′49″W﻿ / ﻿41.80139°N 87.59694°W﻿ / 41.80139; -87.59694﻿ (Heller House)",Hyde Park,"March 16, 1972","August 18, 2004"
Heyworth Building,,"August 30, 2000",1904,"29 E. Madison Street
41°52′55″N 87°37′36″W﻿ / ﻿41.88194°N 87.62667°W﻿ / 41.88194; -87.62667﻿ (Heyworth Building)",Loop,,
Hill House/ Serbian American Museum St. Sava,,"March 28, 2018",1902,"448 W. Barry Avenue
41°56′17.45″N 87°38′29.1″W﻿ / ﻿41.9381806°N 87.641417°W﻿ / 41.9381806; -87.641417﻿ (Hill House/ Serbian American Museum St. Sava)",Lake View,,
Hitchcock House,,"July 7, 1992",1871,"5704 W. Ohio Street
41°53′28.5″N 87°46′05″W﻿ / ﻿41.891250°N 87.76806°W﻿ / 41.891250; -87.76806﻿ (Hitchcock House)",Austin,"December 30, 1974",
Holden Block,,"May 4, 2011",1872,"1027 W. Madison Street
41°52′53.9″N 87°39′11.5″W﻿ / ﻿41.881639°N 87.653194°W﻿ / 41.881639; -87.653194﻿ (Holden Block)",Near West Side,,
Holy Trinity Orthodox Cathedral and Rectory,,"March 21, 1979",1903,"1121 N. Leavitt Street
41°54′07.2″N 87°40′54.2″W﻿ / ﻿41.902000°N 87.681722°W﻿ / 41.902000; -87.681722﻿ (Holy Trinity Orthodox Cathedral and Rectory)",West Town,"March 16, 1976",
Home Bank and Trust Company Building,,"February 6, 2008",1925–1926,"1200-08 N. Ashland Avenue/1600-12 W. Division Street
41°54′13″N 87°40′04″W﻿ / ﻿41.90361°N 87.66778°W﻿ / 41.90361; -87.66778﻿ (Home Bank and Trust Building)",West Town,"February 21, 2007",
Hotel St. Benedict Flats,,"March 26, 1996",1882–1883,"40-52 E. Chicago Avenue
41°53′49″N 87°37′35″W﻿ / ﻿41.89694°N 87.62639°W﻿ / 41.89694; -87.62639﻿ (Hotel St. Benedict Flats)",Near North Side,"September 1, 1995",
Jane Addams Hull House,,"June 12, 1974","1856 house
1905 dining hall","800 S. Halsted Street
41°52′18″N 87°38′51″W﻿ / ﻿41.87167°N 87.64750°W﻿ / 41.87167; -87.64750﻿ (Hull House)",Near West Side,"October 15, 1966","June 23, 1965"
Humboldt Park Boathouse Pavilion,,"November 13, 1996",1906–1907,"1301 N. Humboldt Drive
41°54′20″N 87°42′03″W﻿ / ﻿41.90556°N 87.70083°W﻿ / 41.90556; -87.70083﻿ (Humboldt Park Boathouse Pavilion)",West Town,"February 20, 1992",
Humboldt Park Receptory Building and Stable,,"February 6, 2008",1895–1896,"3015 W. Division Street
41°54′08″N 87°42′12″W﻿ / ﻿41.90222°N 87.70333°W﻿ / 41.90222; -87.70333﻿ (Humboldt Park Receptory Building and Stable)",West Town,"February 20, 1992",
Hutchinson Street District,,"August 31, 1977",1894–1918,600 through 900 blocks of W. Hutchinson Street,Uptown,,
Hyde Park-Kenwood National Bank Building,,"October 8, 2008",1928–1929,"1525 E. 53rd Street
41°47′58″N 87°35′17″W﻿ / ﻿41.79944°N 87.58806°W﻿ / 41.79944; -87.58806﻿ (Hyde Park-Kenwood National Bank Building)",Hyde Park,,
Site of the Origins of the I&M Canal,,"May 9, 1996","1836-38 south canal
145-48 north canal","2800 block of S. Ashland Avenue, along the south fork of the South Branch of the Chicago River
41°50′33″N 87°39′55″W﻿ / ﻿41.84250°N 87.66528°W﻿ / 41.84250; -87.66528﻿ (Site of the Origins of the I&M Canal)",McKinley Park,,
IBM Building (330 North Wabash),,"February 6, 2008",1969–1972,"330 N. Wabash Street
41°53′19″N 87°37′39″W﻿ / ﻿41.88861°N 87.62750°W﻿ / 41.88861; -87.62750﻿ (IBM Building (330 North Wabash))",Near North Side,"March 11, 2010",
Iglehart House,,"July 13, 1994",1857,"11118 S. Artesian Avenue
41°41′28.2″N 87°40′57.5″W﻿ / ﻿41.691167°N 87.682639°W﻿ / 41.691167; -87.682639﻿ (Iglehart House)",Morgan Park,,
Illinois Bell Building,,"January 27, 2021",1966,"225 W. Randolph Street
41°53′3.5″N 87°38′6.4″W﻿ / ﻿41.884306°N 87.635111°W﻿ / 41.884306; -87.635111﻿ (Illinois Bell Building)",Loop,,
Illinois Central Railroad Swing Bridge 1,,"December 12, 2007",1898–1900,"North of 35th Street between Pulaski Road and Lawndale Avenue, Chicago Sanitary and Ship Canal
41°49′43″N 87°42′52″W﻿ / ﻿41.82861°N 87.71444°W﻿ / 41.82861; -87.71444﻿ (Illinois Central Railroad Swing Bridge)",South Lawndale,,
Illinois Central Railroad Swing Bridge 2,,"December 12, 2007",1899–1900,"North of Stevenson Expressway, East of Kedzie Avenue, Chicago Sanitary and Ship Canal
41°49′57″N 87°42′09″W﻿ / ﻿41.83250°N 87.70250°W﻿ / 41.83250; -87.70250﻿ (Illinois Central Railroad Swing Bridge)",South Lawndale,,
Illinois–Indiana State Line Boundary Marker,,"September 4, 2002","1838
moved 1988","S. Avenue G, near E. 103rd Street (located on the Illinois-Indiana State Boundary Line)
41°42′28″N 87°31′28″W﻿ / ﻿41.70778°N 87.52444°W﻿ / 41.70778; -87.52444﻿ (Illinois-Indiana State Line Boundary Marker)",East Side,,
Immaculata High School and Convent Buildings,,"July 27, 1983","1922 high school
1955–1956 addition
1954–1955 convent","640 W. Irving Park Road and 4030 N. Marine Drive
41°57′18″N 87°38′45″W﻿ / ﻿41.95500°N 87.64583°W﻿ / 41.95500; -87.64583﻿ (Immaculata High School and Convent Buildings)",Uptown,"August 30, 1977",
Indian Boundary Park Fieldhouse,,"May 11, 2005",1922,"2500 W. Lunt Avenue
42°00′32″N 87°41′33″W﻿ / ﻿42.00889°N 87.69250°W﻿ / 42.00889; -87.69250﻿ (Indian Boundary Park Fieldhouse)",West Ridge,"April 20, 1995",
Inland Steel Building,,"October 7, 1998",1956–1957,"30 W. Monroe Street
41°52′52″N 87°37′45″W﻿ / ﻿41.88111°N 87.62917°W﻿ / 41.88111; -87.62917﻿ (Inland Steel Building)",Loop,"February 18, 2009",
Jackson Boulevard District and Extension,,"November 15, 1976;
 extended July 30, 1997",1879–1893,1500-blocks of W. Jackson and W. Adams Streets; 200-block of S. Ashland Avenue,Near West Side,"May 19, 1978",
Jackson Park Highlands District,,"October 25, 1989",1905,"6700-7100 blocks of S. Bennett, Constance, Cregier and Euclid Avenues; 1800–2000 blocks of W. 68th, 69th and 70th Streets",South Shore,,
Jackson-Thomas House,,"October 16, 1984",1874,"7053 N. Ridge Boulevard
42°00′37.4″N 87°40′55.4″W﻿ / ﻿42.010389°N 87.682056°W﻿ / 42.010389; -87.682056﻿ (Jackson-Thomas House)",Rogers Park,,
Jewelers' Building,,"December 18, 1981",1881–1882,"15-17 S. Wabash Avenue
41°52′54″N 87°37′33″W﻿ / ﻿41.88167°N 87.62583°W﻿ / 41.88167; -87.62583﻿ (Jewelers' Building)",Loop,"August 7, 1974",
Jewelers Row District,,"July 9, 2003",1872–1941,"N. and S. Wabash Avenue, predominantly between E. Washington and E. Monroe Streets",Loop,,
Jewish People's Institute,,"June 28, 2000",1927,"3500 W. Douglas Boulevard
41°51′48″N 87°42′48″W﻿ / ﻿41.86333°N 87.71333°W﻿ / 41.86333; -87.71333﻿ (Jewish People's Institute)",North Lawndale,"November 15, 1978",
Site of the John and Mary Jones House,,"May 26, 2004",1850s–70s,"Southwest corner of W. 9th Street and S. Plymouth Court
41°52′13.5″N 87°37′43.5″W﻿ / ﻿41.870417°N 87.628750°W﻿ / 41.870417; -87.628750﻿ (Site of the John and Mary Jones House)",Loop,,
Johnson Publishing Company Building,,"December 13, 2017",1969–1971,"820 S. Michigan Avenue
41°52′16.5″N 87°38′29.6″W﻿ / ﻿41.871250°N 87.641556°W﻿ / 41.871250; -87.641556﻿ (Johnson Publishing Company Building)",Loop,,
KAM Isaiah Israel Temple,,"April 16, 1996","1924
1926 addition","1100 E. Hyde Park Boulevard
41°48′09.5″N 87°35′55″W﻿ / ﻿41.802639°N 87.59861°W﻿ / 41.802639; -87.59861﻿ (K.A.M. Isaiah Israel Temple)",Kenwood,,
Kaufmann Store and Flats,,"April 16, 1996","1883 south half
1887 north half","2312-14 N. Lincoln Avenue
41°55′26″N 87°38′49.5″W﻿ / ﻿41.92389°N 87.647083°W﻿ / 41.92389; -87.647083﻿ (Kaufmann Store and Flats)",Lincoln Park,,
Keck-Gottschalk-Keck Apartments,,"August 3, 1994",1937,"5551 S. University Avenue
41°47′36.7″N 87°35′52″W﻿ / ﻿41.793528°N 87.59778°W﻿ / 41.793528; -87.59778﻿ (Keck-Gottschalk-Keck Apartments)",Hyde Park,,
Kenna Apartments,,"September 12, 1990",1916,"2214 E. 69th Street
41°46′12″N 87°34′15″W﻿ / ﻿41.77000°N 87.57083°W﻿ / 41.77000; -87.57083﻿ (Kenna Apartments)",South Shore,,
Kent House,,"March 18, 1987",1883,"2944 S. Michigan Avenue
41°50′26.3″N 87°37′26″W﻿ / ﻿41.840639°N 87.62389°W﻿ / 41.840639; -87.62389﻿ (Sydney Kent House)",Douglas,"November 17, 1977",
Kenwood District,,"June 29, 1979",1880–1920,"Bounded by E. 47th and E. 51st Streets, S. Blackstone and S. Drexel Avenues",Kenwood,,
Kenwood United Church of Christ,,"October 5, 2011",1887–1888,"4600-08 S. Greenwood Avenue
41°52′53.9″N 87°39′11.5″W﻿ / ﻿41.881639°N 87.653194°W﻿ / 41.881639; -87.653194﻿ (Kenwood United Church of Christ)",Kenwood,"May 16, 1991",
Kimbell Trust and Savings Bank Building,,"October 8, 2008",1924–1925,"3600 W. Fullerton Avenue
41°55′30″N 87°43′02″W﻿ / ﻿41.92500°N 87.71722°W﻿ / 41.92500; -87.71722﻿ (Kimbell Trust and Savings Bank Building)",Logan Square,,
King-Nash House,,"February 10, 1988",1901,"3234 W. Washington Boulevard
41°52′59″N 87°42′27″W﻿ / ﻿41.88306°N 87.70750°W﻿ / 41.88306; -87.70750﻿ (King-Nash House)",East Garfield Park,"February 10, 1983",
Krause Music Store,,"September 28, 1977",1922,"4611 N. Lincoln Avenue
41°57′55″N 87°41′10″W﻿ / ﻿41.96528°N 87.68611°W﻿ / 41.96528; -87.68611﻿ (Krause Music Store)",Lincoln Square,"May 31, 2006",
Lake-Franklin Group,,"February 26, 1997","1872–1875
1896 addition.","227-235 W. Lake Street and 173-191 N. Franklin Street
41°53′07″N 87°38′06″W﻿ / ﻿41.88528°N 87.63500°W﻿ / 41.88528; -87.63500﻿ (Lake-Franklin Group)",Loop,,
Lake Shore & Michigan Southern Railway Bridges,,"December 12, 2007",1912–1915,"East of the Chicago Skyway and North of 98th Street, Calumet River
41°43′11″N 87°32′34″W﻿ / ﻿41.71972°N 87.54278°W﻿ / 41.71972; -87.54278﻿ (Lake Shore & Michigan Southern Railway Bridges)",East Side and South Deering,,
Lakeview Avenue Row House District,,"November 16, 2016",1915–1917,2700–2710 N. Lakeview Avenue,Lincoln Park,,
Laramie State Bank Building,,"June 14, 1995",1927–1929,"5200 W. Chicago Avenue
41°53′43″N 87°45′21″W﻿ / ﻿41.89528°N 87.75583°W﻿ / 41.89528; -87.75583﻿ (Laramie State Bank Building)",Austin,,
LaSalle Street Cable Car Powerhouse,,"June 27, 2001",1886–1887,"500 N. LaSalle Street
41°53′28″N 87°37′59″W﻿ / ﻿41.89111°N 87.63306°W﻿ / 41.89111; -87.63306﻿ (LaSalle Street Cable Car Powerhouse)",Near North Side,,
Lathrop House,,"May 9, 1973",1892,"120 E. Bellevue Place
41°54′06.5″N 87°37′30″W﻿ / ﻿41.901806°N 87.62500°W﻿ / 41.901806; -87.62500﻿ (Lathrop House)",Near North Side,"February 15, 1974",
Leiter II Building,,"January 14, 1997",1891,"403 S. State Street
41°52′35″N 87°37′38″W﻿ / ﻿41.87639°N 87.62722°W﻿ / 41.87639; -87.62722﻿ (Leiter II Buildinge)",Loop,"January 7, 1976","January 7, 1976"
Lincoln Avenue Row House District,,"November 18, 2009",1875,"1928–1936 N. Lincoln Avenue
41°52′02″N 87°38′15.5″W﻿ / ﻿41.86722°N 87.637639°W﻿ / 41.86722; -87.637639﻿ (Lincoln Avenue Row House District)",Lincoln Park,,
Abraham Lincoln Monument,,"December 12, 2001",1887,"In Lincoln Park at N. Dearborn Parkway
41°54′45.4″N 87°37′48.9″W﻿ / ﻿41.912611°N 87.630250°W﻿ / 41.912611; -87.630250﻿ (Abraham Lincoln Monument)",Lincoln Park,,
Lindblom (Robert) Technical High School,,"June 9, 2010",1917–1919,"6130 S. Wolcott Avenue
41°46′55″N 87°40′19″W﻿ / ﻿41.78194°N 87.67194°W﻿ / 41.78194; -87.67194﻿ (Robert Lindblom Technical High School)",West Englewood,,
Lindeman & Hoverson Co. Showroom & Warehouse,,"January 13, 2009",1925,"2620 W. Washington Boulevard
41°53′00″N 87°41′31″W﻿ / ﻿41.88333°N 87.69194°W﻿ / 41.88333; -87.69194﻿ (Lindeman & Hoverson Co. Showroom & Warehouse)",East Garfield Park,"November 26, 2008",
Lion House,,"November 30, 2005",1912,"Lincoln Park Zoo
41°55′17″N 87°38′00″W﻿ / ﻿41.92139°N 87.63333°W﻿ / 41.92139; -87.63333﻿ (Lion House)",Lincoln Park,,
Little Village Arch,,"January 26, 2022",1990,"3100 West 26th Street
41°50′41.3″N 87°42′9.8″W﻿ / ﻿41.844806°N 87.702722°W﻿ / 41.844806; -87.702722﻿ (Little Village Arch)",South Lawndale,,
Logan Square Boulevards District,,"November 1, 2005",1880–1930,"Generally W. Logan, N. Kedzie, W. Palmer, and N. Humboldt Boulevards (north of W. Cortland St.)",Logan Square,"November 20, 1985",
London Guarantee Building,,"April 16, 1996",1922–1923,"360 N. Michigan Avenue
41°53′16″N 87°37′30″W﻿ / ﻿41.88778°N 87.62500°W﻿ / 41.88778; -87.62500﻿ (London Guarantee Building)",Loop,,
Longwood Drive District,,"November 13, 1981",1873–1929,9800-11000 blocks of S. Longwood Drive; 10400-10700 blocks of S. Seeley Avenue,Beverly and Morgan Park,,
Charles N. Loucks House,,"October 8, 2008",1889–1891,"3926 N. Keeler Avenue
41°57′09.5″N 87°43′48″W﻿ / ﻿41.952639°N 87.73000°W﻿ / 41.952639; -87.73000﻿ (Charles N. Loucks House)",Irving Park,"February 9, 1984",
Ludington Building,,"June 10, 1996",1891,"1104 S. Wabash Avenue
41°52′08″N 87°37′05″W﻿ / ﻿41.86889°N 87.61806°W﻿ / 41.86889; -87.61806﻿ (Ludington Building)",Loop,"May 8, 1980",
Ludlow Typograph Company Building,,"April 27, 2022",1913–1948,"2028-2062 N. Clybourn Avenue
41°55′6.0″N 87°39′37.1″W﻿ / ﻿41.918333°N 87.660306°W﻿ / 41.918333; -87.660306﻿ (Ludlow Typograph Company Building)",Lincoln Park,,
Madlener House,,"March 22, 1973",1902,"4 W. Burton Place
41°54′34.5″N 87°37′45″W﻿ / ﻿41.909583°N 87.62917°W﻿ / 41.909583; -87.62917﻿ (Madlener House)",Near North Side,"October 15, 1970",
Madonna Della Strada Chapel,,"November 3, 2004",1938–1939,"6453 N. Sheridan Road
41°59′58″N 87°39′23″W﻿ / ﻿41.99944°N 87.65639°W﻿ / 41.99944; -87.65639﻿ (Madonna Della Strada Chapel)",Rogers Park,,
"Main Building and Machinery Hall, Illinois Institute of Technology",,"May 26, 2004",1891–1893,"3300-20 S. Federal Street
41°50′03″N 87°37′45″W﻿ / ﻿41.83417°N 87.62917°W﻿ / 41.83417; -87.62917﻿ (Main Building, Illinois Institute of Technology)
100 W. 33rd Street
41°50′05″N 87°37′45″W﻿ / ﻿41.83472°N 87.62917°W﻿ / 41.83472; -87.62917﻿ (Machinery Hall, Illinois Institute of Technology)",Douglas,"August 12, 2005",
Majestic Building and Theater,,"May 11, 2005",1906,"22 W. Monroe Street
41°52′51″N 87°37′43″W﻿ / ﻿41.88083°N 87.62861°W﻿ / 41.88083; -87.62861﻿ (Majestic Building and Theater)",Loop,,
Manhattan Building,,"July 7, 1978",1891,"431 S. Dearborn Street
41°52′34″N 87°37′44″W﻿ / ﻿41.87611°N 87.62889°W﻿ / 41.87611; -87.62889﻿ (Manhattan Building)",Loop,"March 16, 1976",
Marina City,,"February 2, 2016",1964–1968,"300 N. State Street
41°53′18.7″N 87°37′43.5″W﻿ / ﻿41.888528°N 87.628750°W﻿ / 41.888528; -87.628750﻿ (Marina City)",Near North Side,,
Marquette Building,,"June 9, 1975",1895,"140 S. Dearborn Street
41°52′47″N 87°37′47″W﻿ / ﻿41.87972°N 87.62972°W﻿ / 41.87972; -87.62972﻿ (Marquette Building)",Loop,"August 17, 1973","January 7, 1976"
Marquette Park State Bank (Former),,"October 8, 2008",1924,"6314 S. Western Avenue
41°46′44.3″N 87°41′1.5″W﻿ / ﻿41.778972°N 87.683750°W﻿ / 41.778972; -87.683750﻿ (Marquette Park State Bank)",Chicago Lawn,,
Marshall Field and Company Building,,"November 1, 2005","1892, 1902, 1906, 1907, 1914","111 N. State Street
41°53′02″N 87°37′37″W﻿ / ﻿41.88389°N 87.62694°W﻿ / 41.88389; -87.62694﻿ (Marshall Field and Company Building)",Loop,"June 2, 1978","June 2, 1978"
Marshfield Trust and Savings Bank (Former),,"October 8, 2008",1924,"3325 N. Lincoln Avenue
41°56′33.0″N 87°40′13.0″W﻿ / ﻿41.942500°N 87.670278°W﻿ / 41.942500; -87.670278﻿ (Marshfield Trust and Savings Bank)",Lake View,,
Mather Tower,,"March 7, 2001",1928,"75 E. Wacker Drive
41°53′15.5″N 87°37′31.5″W﻿ / ﻿41.887639°N 87.625417°W﻿ / 41.887639; -87.625417﻿ (Mather Tower)",Loop,,
McCormick Double House,,"October 6, 2005",1875,"660 N. Rush Street
41°53′39.5″N 87°37′33″W﻿ / ﻿41.894306°N 87.62583°W﻿ / 41.894306; -87.62583﻿ (McCormick Double House)",Near North Side,,
McCormick Row House District,,"May 4, 1977",1882–1889,800-block of W. Chalmers Place; 832-58 W. Belden Avenue; 833-927 W. Fullerton Avenue,Lincoln Park,,
John A. McGill House,,"April 26, 2006",1891,"4938 S. Drexel Boulevard
41°48′17.5″N 87°36′17″W﻿ / ﻿41.804861°N 87.60472°W﻿ / 41.804861; -87.60472﻿ (McGill House)",Kenwood,,
McGraw-Hill Building,,"February 7, 1997",1928–1929,"520 N. Michigan Avenue
41°53′29″N 87°37′28″W﻿ / ﻿41.89139°N 87.62444°W﻿ / 41.89139; -87.62444﻿ (McGraw-Hill Building)",Near North Side,,
Medinah Temple,,"June 27, 2001",1912,"600 N. Wabash Avenue
41°53′34″N 87°37′38″W﻿ / ﻿41.89278°N 87.62722°W﻿ / 41.89278; -87.62722﻿ (Medinah Temple)",Near North Side,,
John and Clara Merchant House,,"October 8, 2008",1872,"3854 N. Kostner Avenue
41°57′6.0″N 87°44′18.3″W﻿ / ﻿41.951667°N 87.738417°W﻿ / 41.951667; -87.738417﻿ (John and Clara Merchant House)",Irving Park,,
Metropolitan Apostolic Community Church Building,,"July 19, 2007","1888–1890
1913 addition","4100 S. Dr. Martin Luther King, Jr. Drive
41°49′12.8″N 87°37′3.2″W﻿ / ﻿41.820222°N 87.617556°W﻿ / 41.820222; -87.617556﻿ (Metropolitan Apostolic Community Church Building)",Grand Boulevard,,
Metropolitan Missionary Baptist Church,,"February 16, 1989",1901,"2151 W. Washington Boulevard
41°52′58.6″N 87°40′52.3″W﻿ / ﻿41.882944°N 87.681194°W﻿ / 41.882944; -87.681194﻿ (Metropolitan Missionary Baptist Church)",Near West Side,,
Michigan Avenue Bridge and Esplanade,,"October 2, 1991","1920 bridge and bridge house
esplanade","Chicago River, between N. Michigan and S. Wabash Avenues
41°53′21.6″N 87°37′27.5″W﻿ / ﻿41.889333°N 87.624306°W﻿ / 41.889333; -87.624306﻿ (Michigan Avenue Bridge and Esplanade)",Loop and Near North Side,,
Historic Michigan Boulevard District,,"February 27, 2002",1882–1930,"N-S Michigan Avenue, between E. 11th and E. Randolph Streets",Loop,,
Mid-City Trust and Savings Bank,,"April 24, 2012",1911–1912,"2 S. Halsted Street/801 W. Madison Street
41°52′53.8″N 87°38′51.7″W﻿ / ﻿41.881611°N 87.647694°W﻿ / 41.881611; -87.647694﻿ (Mid-city Trust and Savings Bank)",Near West Side,,
Mid-North District,,"August 31, 1977",,"Bounded by Fullerton Avenue, Armitage Avenue, Lincoln Avenue and Clark Street",Lincoln Park,,
Mid-North District Extension,,"September 29, 2004",,"Cobden Apartments: 418-24 W. Belden Avenue/2300-24 N. Clark Street
Benson Apartments: 428-38 W. Belden Avenue",Lincoln Park,,
Miller House,,"December 1, 1993",1915,"7121 S. Paxton Avenue
41°45′56.3″N 87°34′15.9″W﻿ / ﻿41.765639°N 87.571083°W﻿ / 41.765639; -87.571083﻿ (Miller House)",South Shore,"August 23, 1991",
Milwaukee Avenue District,,"April 9, 2008",1870–1929,"Predominantly the 1200–1600 blocks of N. Milwaukee Avenue, the 1500-block of N. Damen Avenue, and the 1900–2000- blocks of W. North Avenue",West Town,,
Milwaukee-Diversey-Kimball District,,"February 9, 2005",1922–1930,"Generally at the intersection of Milwaukee, Diversey, and Kimball Avenues",Logan Square and Avondale,,
The Miracle House,,"April 21, 2021",1954,"2001 N. Nordica Avenue
41°54′59.9″N 87°48′7.0″W﻿ / ﻿41.916639°N 87.801944°W﻿ / 41.916639; -87.801944﻿ (The Miracle House)",Austin,,
Monadnock Block,,"November 14, 1973","1889–1891 north half
1891–1893 south half","53 W. Jackson Boulevard
41°52′39.6″N 87°37′46.4″W﻿ / ﻿41.877667°N 87.629556°W﻿ / 41.877667; -87.629556﻿ (Monadnock Block)",Loop,"November 20, 1970",
Monastery of the Holy Cross,,"October 14, 2021",1901,"3101-11 S. Aberdeen Street
41°51′43.6″N 87°39′14.2″W﻿ / ﻿41.862111°N 87.653944°W﻿ / 41.862111; -87.653944﻿ (Monastery of the Holy Cross)",Bridgeport,,
Montgomery Ward & Co. Catalog House,,"May 17, 2000",1907–1908,"600-618 W. Chicago Avenue
41°53′59.8″N 87°38′35.6″W﻿ / ﻿41.899944°N 87.643222°W﻿ / 41.899944; -87.643222﻿ (Montgomery Ward & Co. Catalog House)",Near North Side,"June 2, 1978","June 2, 1978"
Monumental Baptist Church of Chicago,,"September 21, 2022",1899–1901,"729 E. Oakwood Boulevard
41°49′21.2″N 87°36′30.1″W﻿ / ﻿41.822556°N 87.608361°W﻿ / 41.822556; -87.608361﻿ (Monumental Baptist Church of Chicago)",Grand Boulevard,,
Morton Salt Company Warehouse Complex,,"June 25, 2021",1930,"1357 North Elston Avenue
41°54′23.9″N 87°39′33.8″W﻿ / ﻿41.906639°N 87.659389°W﻿ / 41.906639; -87.659389﻿ (Morton Salt Company Warehouse Complex)",West Town,,
John Lothrop Motley School,,"November 16, 2016","1884, 1898 addition","739 N. Ada Street
41°53′44.0″N 87°39′40.0″W﻿ / ﻿41.895556°N 87.661111°W﻿ / 41.895556; -87.661111﻿ (John Lothrop Motley School)",West Town,,
Motor Row District,,"December 13, 2000",,"1444, 1454, 1737, 1925, 2000 S. Michigan Avenue, 2200–2500 blocks of S. Michigan Avenue, 2246-3453 S. Indiana Avenue, and 2211-47 S. Wabash Avenue",Near South Side,"November 18, 2002",
Mt. Pisgah Missionary Baptist Church Complex,,"April 24, 2020",1912,"4600-28 S. Dr. Martin Luther King Jr., Drive
41°48′38.2″N 87°37′1.6″W﻿ / ﻿41.810611°N 87.617111°W﻿ / 41.810611; -87.617111﻿ (Mt. Pisgah Missionary Baptist Church Complex)",Grand Boulevard,,
Muddy Waters House,,"October 14, 2021",1891,"4339 S. Lake Park Avenue
41°48′57.9″N 87°35′52.3″W﻿ / ﻿41.816083°N 87.597861°W﻿ / 41.816083; -87.597861﻿ (Muddy Waters House)",Kenwood,,
(Former) James Mulligan Public School Building,,"April 2, 2014",1890,"1855-63 N. Sheffield Avenue
41°54′55.9″N 87°39′10.5″W﻿ / ﻿41.915528°N 87.652917°W﻿ / 41.915528; -87.652917﻿ (James Mulligan Public School Building)",Lincoln Park,,
Mundelein College Skyscraper Building,,"December 13, 2006",1930–1931,"1020 W. Sheridan Road
42°0′5.2″N 87°39′21.8″W﻿ / ﻿42.001444°N 87.656056°W﻿ / 42.001444; -87.656056﻿ (Mundelein College Skyscraper Building)",Rogers Park,"May 31, 1980",
Municipal Tuberculosis Sanitarium Complex,,"March 13, 2019",1911–1915,"5801 N. Pulaski Road
41°59′1.8″N 87°43′20.8″W﻿ / ﻿41.983833°N 87.722444°W﻿ / 41.983833; -87.722444﻿ (Municipal Tuberculosis Sanitarium Complex)",North Park,,
Museum of Science and Industry,,"November 1, 1995","1891–1893
1929–1930 reconstruction
1930–1941 interior renovation","57th Street at Lake Shore Drive
41°47′26.5″N 87°34′59.2″W﻿ / ﻿41.790694°N 87.583111°W﻿ / 41.790694; -87.583111﻿ (Museum of Science and Industry)",Hyde Park,,
Mutual Insurance Building,,"January 10, 2013","1921
1926–1927 top four floors added","4750 N. Sheridan Road
41°58′8.0″N 87°39′18.9″W﻿ / ﻿41.968889°N 87.655250°W﻿ / 41.968889; -87.655250﻿ (Mutual Insurance Building)",Uptown,,
Navy Pier Headhouse and Auditorium,,"November 14, 1977",1916,"Grand Avenue and Streeter Drive at Lake Michigan
41°53′32.2″N 87°36′36.2″W﻿ / ﻿41.892278°N 87.610056°W﻿ / 41.892278; -87.610056﻿ (Navy Pier Headhouse and Auditorium)",Near North Side,"September 13, 1979",
Charles M. Netterstrom House,,"February 1, 2017",1872–1874,"833 W. Aldine Avenue
41°56′30.1″N 87°39′2.4″W﻿ / ﻿41.941694°N 87.650667°W﻿ / 41.941694; -87.650667﻿ (Charles M. Netterstrom House)",Lake View,,
New Regal Theater,,"June 17, 1992",1926–1927,"1641 E. 79th Street
41°45′5.58″N 87°35′2.7″W﻿ / ﻿41.7515500°N 87.584083°W﻿ / 41.7515500; -87.584083﻿ (New Regal Theater)",South Chicago,,
New York Life Insurance Building,,"July 26, 2006
May 13, 2009 Amendment","1893–1894
1898 east addition
1903 top floor","37-43 S. LaSalle Street
41°52′24.0″N 87°37′54.6″W﻿ / ﻿41.873333°N 87.631833°W﻿ / 41.873333; -87.631833﻿ (New York Life Insurance Building)",Loop,,
Newport Avenue District,,"February 9, 2005",1891–1928,"Newport Avenue, between Halsted and Clark Streets",Lake View,,
Richard Nickel Studio,,"June 9, 2010",1889,"1810 W. Cortland Street
41°54′58.9″N 87°40′23.7″W﻿ / ﻿41.916361°N 87.673250°W﻿ / 41.916361; -87.673250﻿ (Richard Nickel Studio)",Logan Square,,
Nickerson House,,"September 28, 1977",1883,"40 E. Erie Street
41°53′40.1″N 87°37′35.8″W﻿ / ﻿41.894472°N 87.626611°W﻿ / 41.894472; -87.626611﻿ (Nickerson House)",Near North Side,"November 7, 1976",
Noble-Seymour-Crippen House,,"May 11, 1988","1833
1863 addition","5624 N. Newark Avenue
41°59′0.9″N 87°47′45.1″W﻿ / ﻿41.983583°N 87.795861°W﻿ / 41.983583; -87.795861﻿ (Noble-Seymour-Crippen House)",Norwood Park,"August 10, 2000",
North Chicago Hospital Building,,"May 13, 2009",1928–1929,"2551 N. Clark Street
41°55′46.1″N 87°38′32.6″W﻿ / ﻿41.929472°N 87.642389°W﻿ / 41.929472; -87.642389﻿ (North Chicago Hospital Building)",Lincoln Park,,
North Kenwood District,,"June 9, 1993",1875–1920,"4500-block of S. Berkeley Avenue, as well as surrounding historic structures in an area bounded by E. 43rd Street, E. 47th Street, S. Cottage Grove Avenue, and the Illinois Central Railroad tracks.",Kenwood,,
Northwestern University Chicago Campus District,,"September 10, 2014",1926,303-361 E. Chicago Avenue,Near North Side,,
Northwestern University Settlement House,,"December 1, 1993",1921,"1400 W. Augusta Boulevard
41°54′0.8″N 87°39′46.0″W﻿ / ﻿41.900222°N 87.662778°W﻿ / 41.900222; -87.662778﻿ (Northwestern University Settlement House)",West Town,,
Site of First Self-Sustaining Nuclear Chain Reaction,,"October 27, 1971","1942
1967 sculpture erected","5600 block of S. Ellis Avenue
41°47′36.1″N 87°36′5.0″W﻿ / ﻿41.793361°N 87.601389°W﻿ / 41.793361; -87.601389﻿ (Site of First Self-Sustaining Nuclear Chain Reaction)",Hyde Park,"October 15, 1966","February 18, 1965"
John Nuveen House,,"January 15, 2020",1892,"3916 N. Tripp Avenue
41°57′9.0″N 87°44′3.8″W﻿ / ﻿41.952500°N 87.734389°W﻿ / 41.952500; -87.734389﻿ (John Nuveen House)",Irving Park,,
Oakdale Avenue District,,"March 29, 2006",1890–1927,800 Block of W. Oakdale Avenue between Halsted Street and Mildred Avenue,Lake View,,
Oakland District,,"March 25, 1992",1872–1905,"4100 block of S. Berkeley Avenue, as well as surrounding historic structures in an area bounded by 35th Street, 43rd Streets, Cottage Grove Avenue, and the Illinois Central Railroad tracks",Oakland,,
Old Chicago Coast Guard Station,,"December 12, 2007",1936,"Lake Michigan near the mouth of the Chicago River
41°53′15.4″N 87°36′37.0″W﻿ / ﻿41.887611°N 87.610278°W﻿ / 41.887611; -87.610278﻿ (Old Chicago Coast Guard Station)",Near North Side,,
Old Chicago Main Post Office Building,,"March 28, 2018","1921, 1934","433 West Van Buren Street
41°52′36.5″N 87°38′18.0″W﻿ / ﻿41.876806°N 87.638333°W﻿ / 41.876806; -87.638333﻿ (Old Chicago Main Post Office Building)",Near West Side,,
Old Chicago Water Tower District,,"October 6, 1971",1869,"Both sides of N. Michigan Avenue, between E. Chicago Avenue and E. Pearson Street",Near North Side,"April 23, 1975",
Old Colony Building,,"July 7, 1978",1894,"407 S. Dearborn Street
41°52′36.3″N 87°37′44.8″W﻿ / ﻿41.876750°N 87.629111°W﻿ / 41.876750; -87.629111﻿ (Old Colony Building)",Loop,"January 2, 1976",
Old Dearborn Bank Building,,"June 4, 2003",1928,"203 N. Wabash Avenue
41°53′10.4″N 87°37′33.7″W﻿ / ﻿41.886222°N 87.626028°W﻿ / 41.886222; -87.626028﻿ (Old Dearborn Bank Building)",Loop,,
Old Edgebrook District,,"December 14, 1988",1894,"Bounded by N. Central and N. Devon Avenues, the North Branch of the Chicago River, and the Edgebrook Golf Course",Forest Glen,,
Old Republic Building,,"December 8, 2010",1924,"307 N. Michigan Avenue
41°53′13.9″N 87°37′27.3″W﻿ / ﻿41.887194°N 87.624250°W﻿ / 41.887194; -87.624250﻿ (Old Republic Building)",Loop,,
Old Town Triangle District,,"September 28, 1977",1871–1900,"Bounded by N. Lincoln Avenue, W. North Avenue, N. Wells Street, and the former Ogden right-of-way",Lincoln Park,"November 8, 1984",
Oliver Building,,"May 9, 1984","1870
1920 top two floors","159 N. Dearborn Street
41°53′5.8″N 87°37′45.5″W﻿ / ﻿41.884944°N 87.629306°W﻿ / 41.884944; -87.629306﻿ (Oliver Building)",Loop,"December 8, 1983",
On Leong Merchants Association Building,,"December 1, 1993",1926–1927,"2216 S. Wentworth Avenue
41°51′9.2″N 87°37′56.3″W﻿ / ﻿41.852556°N 87.632306°W﻿ / 41.852556; -87.632306﻿ (On Leong Merchants Association Building)",Armour Square,,
One North LaSalle Building,,"April 16, 1996",1929–1930,"1 N. LaSalle Street
41°52′56.9″N 87°37′55.4″W﻿ / ﻿41.882472°N 87.632056°W﻿ / 41.882472; -87.632056﻿ (One North LaSalle Building)",Loop,"November 22, 1999",
Oppenheimer-Goldblatt Bros. Department Store Building,,"May 8, 2013",1915,"4700 S. Ashland Avenue
41°48′30.6″N 87°40′3.5″W﻿ / ﻿41.808500°N 87.667639°W﻿ / 41.808500; -87.667639﻿ (Oppenheimer-Goldblatt Bros. Department Store Building)",New City,,
Overton Hygienic Building,,"September 9, 1998",1922–1923,"3619-27 S. State Street
41°49′45.0″N 87°37′34.3″W﻿ / ﻿41.829167°N 87.626194°W﻿ / 41.829167; -87.626194﻿ (Overton Hygienic Building)",Douglas,"April 30, 1986",
Page Brothers Building,,"January 28, 1983",1872,"177-91 N. State Street
41°53′7.9″N 87°37′37.9″W﻿ / ﻿41.885528°N 87.627194°W﻿ / 41.885528; -87.627194﻿ (Page Brothers Building)",Loop,"June 5, 1975",
Palliser's Cottage Home No. 35,,"February 16, 2000",1882,"2314 W. 111th Place
41°41′28.4″N 87°40′46.0″W﻿ / ﻿41.691222°N 87.679444°W﻿ / 41.691222; -87.679444﻿ (Palliser's Cottage Home No. 35)",Morgan Park,,
Palmer House Hotel,,"December 13, 2006",1925–1927,"17 E. Monroe Street
41°52′49.3″N 87°37′32.4″W﻿ / ﻿41.880361°N 87.625667°W﻿ / 41.880361; -87.625667﻿ (Palmer House Hotel)",Loop,,
Palmolive Building,,"February 16, 2000",1927–1929,"919 N. Michigan Avenue
41°53′59.8″N 87°37′24.8″W﻿ / ﻿41.899944°N 87.623556°W﻿ / 41.899944; -87.623556﻿ (Palmolive Building)",Near North Side,"August 21, 2003",
Elizabeth Palmer Peabody School,,"November 16, 2016",1894,"1438–1454 W. Augusta Boulevard
41°54′0.6″N 87°39′50.5″W﻿ / ﻿41.900167°N 87.664028°W﻿ / 41.900167; -87.664028﻿ (Elizabeth Palmer Peabody School)",West Town,,
Paseo Boricua Gateway Flags,,"September 21, 2022",1995,"West Division Street at Artesian Avenue [2400-West] and Mozart Street [2800-West]
41°54′10.7″N 87°41′18.6″W﻿ / ﻿41.902972°N 87.688500°W﻿ / 41.902972; -87.688500﻿ (Paseo Boricua Gateway Flags)",Humboldt Park,,
Pate-Comiskey House,,"October 1, 2003",1901,"5131 S. Michigan Avenue
41°48′4.4″N 87°37′20.1″W﻿ / ﻿41.801222°N 87.622250°W﻿ / 41.801222; -87.622250﻿ (Pate-Comiskey House)",Washington Park,,
Pennsylvania Railroad Bridge,,"December 12, 2007",1914,"Near 19th Street, East of Lumber Street, South Branch of the Chicago River
41°51′22.3″N 87°38′13.2″W﻿ / ﻿41.856194°N 87.637000°W﻿ / 41.856194; -87.637000﻿ (Pennsylvania Railroad Bridge)",Armour Square and Lower West Side,,
"Pennsylvania Railroad ""Eight Track"" Bridge",,"December 12, 2007",1901–1910,"South of 31st Street, West of Western Avenue, Chicago Sanitary and Ship Canal
41°50′15.5″N 87°41′14.8″W﻿ / ﻿41.837639°N 87.687444°W﻿ / 41.837639; -87.687444﻿ (Pennsylvania Railroad ""Eight Track"" Bridge)",Lower West Side and South Lawndale,,
Pentecostal Church of Holiness,,"May 26, 2021",1931–1932,"4208 W. 15th Street
41°51′39.7″N 87°43′49.0″W﻿ / ﻿41.861028°N 87.730278°W﻿ / 41.861028; -87.730278﻿ (Pentecostal Church of Holiness)",North Lawndale,,
Peoples Gas Irving Park Neighborhood Store,,"March 18, 1987",1926,"4839 W. Irving Park Road
41°57′12.2″N 87°44′56.0″W﻿ / ﻿41.953389°N 87.748889°W﻿ / 41.953389; -87.748889﻿ (Peoples Gas Irving Park Neighborhood Store)",Portage Park,,
Peoples Gas South Chicago Neighborhood Store,,"April 16, 1996",1925,"8935 S. Commercial Avenue
41°43′57.9″N 87°33′3.6″W﻿ / ﻿41.732750°N 87.551000°W﻿ / 41.732750; -87.551000﻿ (Peoples Gas South Chicago Neighborhood Store)",South Chicago,,
Perkins-Nordine House,,"January 27, 2021",1902–1903,"6106 N. Kenmore Avenue
41°59′33.9″N 87°39′25.9″W﻿ / ﻿41.992750°N 87.657194°W﻿ / 41.992750; -87.657194﻿ (Perkins-Nordine House)",Edgewater,,
"Perkins, Fellows & Hamilton Office and Studio",,"December 1, 1993",1917,"814 N. Michigan Avenue
41°53′50.563″N 87°37′27.657″W﻿ / ﻿41.89737861°N 87.62434917°W﻿ / 41.89737861; -87.62434917﻿ (Perkins, Fellows & Hamilton Office and Studio)",Near North Side,,
Henry V. Peters House,,"May 5, 2004",1906,"4731 N. Knox Avenue
41°58′2.9″N 87°44′37.6″W﻿ / ﻿41.967472°N 87.743778°W﻿ / 41.967472; -87.743778﻿ (Henry V. Peters House)",Irving Park,,
Wendell Phillips High School,,"May 7, 2003",1904,"244 E. Pershing Road
41°49′29.689″N 87°37′11.078″W﻿ / ﻿41.82491361°N 87.61974389°W﻿ / 41.82491361; -87.61974389﻿ (Wendell Phillips High School)",Douglas,,
Pilgrim Baptist Church,,"December 18, 1981",1890–1891,"3301 S. Indiana Avenue
41°50′4.6″N 87°37′17.5″W﻿ / ﻿41.834611°N 87.621528°W﻿ / 41.834611; -87.621528﻿ (Pilgrim Baptist Church)",Douglas,"April 26, 1973",
Pioneer Trust and Savings Bank Building,,"June 6, 2012",1924-1926,"4000 W. North Avenue
41°54′37.0″N 87°43′35.8″W﻿ / ﻿41.910278°N 87.726611°W﻿ / 41.910278; -87.726611﻿ (Pioneer Trust and Savings Bank (Former))",Humboldt Park,,
Pittsfield Building,,"November 6, 2002",1927,"55 E. Washington Street
41°52′59.8″N 87°37′33.0″W﻿ / ﻿41.883278°N 87.625833°W﻿ / 41.883278; -87.625833﻿ (Pittsfield Building)",Loop,,
Plymouth Building,,"November 16, 2016","1899, 1945 facade renovation","417 S. Dearborn Street
41°52′35.4″N 87°37′44.40″W﻿ / ﻿41.876500°N 87.6290000°W﻿ / 41.876500; -87.6290000﻿ (Plymouth Building)",Loop,,
Polish National Alliance Building,,"November 5, 2014",1937– 1938,"1514-1520 W. Division Street
41°54′12.2″N 87°40′1.3″W﻿ / ﻿41.903389°N 87.667028°W﻿ / 41.903389; -87.667028﻿ (Polish National Alliance Building)",West Town,,
Portage Park Theatre,,"March 7, 2013",1920,"4042-60 N. Milwaukee Avenue; 4905-15 W. Cuyler Avenue
41°57′16.1″N 87°44′56.5″W﻿ / ﻿41.954472°N 87.749028°W﻿ / 41.954472; -87.749028﻿ (Portage Park Theatre)",Portage Park,,
Powhatan Apartments,,"January 12, 1993",1927–1929,"4950 S. Chicago Beach Drive
41°48′16.7″N 87°35′4.2″W﻿ / ﻿41.804639°N 87.584500°W﻿ / 41.804639; -87.584500﻿ (Powhatan Apartments)",Kenwood,,
Prairie Avenue District,,"December 27, 1979",,"1800 and 1900-blocks of S. Prairie Avenue, 1800-block of S. Indiana Avenue, and 211-217 E. Cullerton Street",Near South Side,"November 15, 1972",
Printing House Row District,,"May 9, 1996",,"500- through 800-blocks of S. Dearborn Street, S. Federal Street and S. Plymouth Court",Loop,"January 7, 1976","January 7, 1976"
Promontory Apartments,,"November 20, 2019",1946–1949,"5530-5532 S. Shore Drive
41°47′40.4″N 87°34′50.6″W﻿ / ﻿41.794556°N 87.580722°W﻿ / 41.794556; -87.580722﻿ (Promontory Apartments)",Hyde Park,,
Promontory Point,,"April 19, 2023",,"East of S. Jean-Baptiste Pointe DuSable Lake Shore Drive, Between 54th and 56th Streets
41°47′46.2″N 87°34′37.3″W﻿ / ﻿41.796167°N 87.577028°W﻿ / 41.796167; -87.577028﻿ (Promontory Point)",Hyde Park,,
Pulaski Park Fieldhouse,,"July 29, 2003",1912–1914,"1419 W. Blackhawk Street
41°54′25.1″N 87°39′47.9″W﻿ / ﻿41.906972°N 87.663306°W﻿ / 41.906972; -87.663306﻿ (Pulaski Park Fieldhouse)",West Town,"August 13, 1981",
Pullman District,,"October 16, 1972 (South section) 
 June 9, 1993 (North section)",,"Roughly bounded by E. 104th Street, E. 115th Street, S. Cottage Grove Avenue and S. Langley Street",Pullman,"October 8, 1969","December 30, 1970"
Quincy Elevated Station,,"November 21, 2017",1895–1897,"220 S. Wells Street
41°52′44.1″N 87°38′1.7″W﻿ / ﻿41.878917°N 87.633806°W﻿ / 41.878917; -87.633806﻿ (Quincy Elevated Station)",Loop,,
Quinn Chapel,,"August 13, 1977",1892,"2401 S. Wabash Avenue
41°50′57.2″N 87°37′30.3″W﻿ / ﻿41.849222°N 87.625083°W﻿ / 41.849222; -87.625083﻿ (Quinn Chapel)",Near South Side,"September 4, 1979",
Raber House,,"April 16, 1996","1870, alterations 1894","5760 S. Lafayette Avenue
41°47′21.7″N 87°37′37.2″W﻿ / ﻿41.789361°N 87.627000°W﻿ / 41.789361; -87.627000﻿ (Raber House)",Washington Park,,
Race House,,"September 22, 1988",1874,"3945 N. Tripp Avenue
41°57′11.7″N 87°44′1.1″W﻿ / ﻿41.953250°N 87.733639°W﻿ / 41.953250; -87.733639﻿ (Race House)",Irving Park,,
Rainbow Pylons and the Legacy Walk,,"July 24, 2019",1997,"3244-3710 North Halsted Street (evens) and 3243-3711 North Halsted Street (odds)
41°56′29.3″N 87°38′58.2″W﻿ / ﻿41.941472°N 87.649500°W﻿ / 41.941472; -87.649500﻿ (Rainbow Pylons and the Legacy Walk)",Lake View,,
Rath House,,"December 1, 1993",1907,"2703 W. Logan Boulevard
41°55′41.1″N 87°41′43.4″W﻿ / ﻿41.928083°N 87.695389°W﻿ / 41.928083; -87.695389﻿ (Rath House)",Logan Square,,
Reebie Storage Warehouse,,"September 1, 1999",1921–1922,"2325-33 N. Clark Street
41°55′29.4″N 87°38′22.2″W﻿ / ﻿41.924833°N 87.639500°W﻿ / 41.924833; -87.639500﻿ (Reebie Storage Warehouse)",Lincoln Park,"March 21, 1979",
Harriet F. Rees House,,"March 14, 2012",1888,"2110 S. Prairie Avenue
41°51′14.8″N 87°37′15.7″W﻿ / ﻿41.854111°N 87.621028°W﻿ / 41.854111; -87.621028﻿ (Harriet F. Rees House)",Near South Side,"May 22, 2007",
"Reid, Murdoch & Co. Building",,"November 15, 1976",1914,"320 N. Clark Street
41°53′17.5″N 87°37′52.3″W﻿ / ﻿41.888194°N 87.631194°W﻿ / 41.888194; -87.631194﻿ (Reid, Murdoch & Co. Building)",Near North Side,"August 28, 1975",
Reliance Building,,"July 11, 1995","Base built in 1890, Upper stories built 1894–1895","32 N. State Street
41°52′59.6″N 87°37′41.8″W﻿ / ﻿41.883222°N 87.628278°W﻿ / 41.883222; -87.628278﻿ (Reliance Building)",Loop,"October 15, 1970","January 7, 1976"
Riviera Motor Sales Company Building,,"June 6, 2012",1925–1926,"5948-60 N. Broadway
41°59′27.1″N 87°39′38.1″W﻿ / ﻿41.990861°N 87.660583°W﻿ / 41.990861; -87.660583﻿ (Riviera Motor Sales Company Building)",Edgewater,,
Roanoke Building and Tower,,"December 12, 2007",1915–1925,"11 S. LaSalle Street
41°52′54.2″N 87°37′55.6″W﻿ / ﻿41.881722°N 87.632111°W﻿ / 41.881722; -87.632111﻿ (Roanoke Building and Tower)",Loop,"December 6, 2007",
Roberts Temple Church of God in Christ Building,,"March 29, 2006",1922–1927,"4021 S. State Street
41°49′16.9″N 87°37′33.6″W﻿ / ﻿41.821361°N 87.626000°W﻿ / 41.821361; -87.626000﻿ (Roberts Temple Church of God in Christ Building)",Grand Boulevard,,
Robie House,,"September 15, 1971",1909,"5757 S. Woodlawn Avenue
41°47′24.0″N 87°35′45.6″W﻿ / ﻿41.790000°N 87.596000°W﻿ / 41.790000; -87.596000﻿ (Robie House)",Hyde Park,"October 15, 1966","November 27, 1963"
Rockefeller Memorial Chapel,,"November 3, 2004",1925–1928,"1156–1180 E. 59th Street
41°47′16.6″N 87°35′52.6″W﻿ / ﻿41.787944°N 87.597944°W﻿ / 41.787944; -87.597944﻿ (Rockefeller Memorial Chapel)",Hyde Park,,
Roloson Houses,,"December 27, 1979",1894,"3213-19 S. Calumet Avenue
41°50′10.7″N 87°37′4.3″W﻿ / ﻿41.836306°N 87.617861°W﻿ / 41.836306; -87.617861﻿ (Roloson Houses)",Douglas,"June 30, 1977",
Rookery Building,,"July 5, 1972","1885–1888, lobby remodeled 1905–1907","209 S. LaSalle Street
41°52′45.1″N 87°37′54.1″W﻿ / ﻿41.879194°N 87.631694°W﻿ / 41.879194; -87.631694﻿ (Rookery Building)",Loop,"April 17, 1970","May 15, 1975"
Rosehill Cemetery Entrance,,"October 16, 1980",1864,"5800 N. Ravenswood Avenue
41°59′11.9″N 87°40′30.6″W﻿ / ﻿41.986639°N 87.675167°W﻿ / 41.986639; -87.675167﻿ (Rosehill Cemetery Entrance)",Lincoln Square,"April 24, 1975",
Rosenwald Court Apartments,,"November 8, 2017",1929–30,"4600-4658 S. Michigan Avenue; 4601- 4659 S. Wabash Avenue; 45-77 E. 46th Street; 46-78 E. 47th Street;
41°48′34.5″N 87°37′24.5″W﻿ / ﻿41.809583°N 87.623472°W﻿ / 41.809583; -87.623472﻿ (Rosenwald Court Apartments)",Grand Boulevard,,
Carl Sandburg House,,"October 4, 2006",circa 1886,"4646 N. Hermitage Avenue
41°58′0.3″N 87°40′22.4″W﻿ / ﻿41.966750°N 87.672889°W﻿ / 41.966750; -87.672889﻿ (Carl Sandburg House)",Uptown,,
Wigwam (Site of the Sauganash Hotel),,"November 6, 2002",,"Lake Street and Market (now Wacker Drive)
41°53′9.5″N 87°38′13.2″W﻿ / ﻿41.885972°N 87.637000°W﻿ / 41.885972; -87.637000﻿ (Wigwam (Site of the Sauganash Hotel))",Loop,,
Schlect House,,"January 20, 1999",1887,"5804 W. Race Avenue
41°53′25.9″N 87°46′13.1″W﻿ / ﻿41.890528°N 87.770306°W﻿ / 41.890528; -87.770306﻿ (Schlect House)",Austin,,
Schlitz Brewery Stable Building on Front (Former),,"July 6, 2011",1906,"11314 S. Front Avenue
41°41′19.6″N 87°36′43.4″W﻿ / ﻿41.688778°N 87.612056°W﻿ / 41.688778; -87.612056﻿ (Schlitz Brewery Stable Building on Front (Former))",Roseland,,
Schlitz Brewery Tied-House on 69th (Former),,"July 6, 2011",1898,"958 W. 69th Street
41°46′9.1″N 87°38′57.1″W﻿ / ﻿41.769194°N 87.649194°W﻿ / 41.769194; -87.649194﻿ (Schlitz Brewery Tied-House on 69th (Former))",Englewood,,
Schlitz Brewery Tied-House on Belmont (Former),,"July 6, 2011",1903–1904,"2159 W. Belmont Avenue
41°56′22.1″N 87°40′59″W﻿ / ﻿41.939472°N 87.68306°W﻿ / 41.939472; -87.68306﻿ (Schlitz Brewery Tied-House on Belmont (Former))",North Center,,
Schlitz Brewery Tied-House on Ewing (Former),,"October 7, 2020",1907,"9401 S. Ewing Avenue
41°43′32.9″N 87°32′15.8″W﻿ / ﻿41.725806°N 87.537722°W﻿ / 41.725806; -87.537722﻿ (Schlitz Brewery Tied-House on Ewing (Former))",East Side,,
Schlitz Brewery Tied-House on Front (Former),,"July 6, 2011",1906,"11400 S. Front Avenue
41°41′20.6″N 87°36′41.6″W﻿ / ﻿41.689056°N 87.611556°W﻿ / 41.689056; -87.611556﻿ (Schlitz Brewery Tied-House on Front (Former))",Roseland,,
Schlitz Brewery Tied-House on Oakley (Former),,"October 5, 2011",1898,"1944 N. Oakley Avenue
41°55′3.6″N 87°41′6.5″W﻿ / ﻿41.917667°N 87.685139°W﻿ / 41.917667; -87.685139﻿ (Schlitz Brewery Tied-House on Oakley (Former))",Logan Square,,
Schlitz Brewery Tied-House on Western (Former),,"July 6, 2011",1899,"3456 S. Western Avenue
41°49′50.1″N 87°41′7.2″W﻿ / ﻿41.830583°N 87.685333°W﻿ / 41.830583; -87.685333﻿ (Schlitz Brewery Tied-House on Western (Former))",McKinley Park,,
Schlitz Brewery-Tied House on Broadway (Former),,"May 4, 2011","1904, 1908","5120 N. Broadway
41°58′31.6″N 87°39′36.7″W﻿ / ﻿41.975444°N 87.660194°W﻿ / 41.975444; -87.660194﻿ (Schlitz Brewery-Tied House on Broadway (Former))",Uptown,,
Schlitz Brewery-Tied House on Division (Former),,"May 4, 2011",1900–1901,"1801 W. Division Street
41°54′11.4″N 87°40′20.9″W﻿ / ﻿41.903167°N 87.672472°W﻿ / 41.903167; -87.672472﻿ (Schlitz Brewery-Tied House on Division (Former))",West Town,,
Schlitz Brewery-Tied House on Lake (Former),,"July 21, 2021",1892,"1393-1399 W. Lake Street
41°53′7.3″N 87°39′44.3″W﻿ / ﻿41.885361°N 87.662306°W﻿ / 41.885361; -87.662306﻿ (Schlitz Brewery-Tied House on Lake (Former))",Near West Side,,
Schlitz Brewery-Tied House on Southport (Former),,"July 6, 2011",1903,"3159 N. Southport Avenue
41°56′23.2″N 87°39′48.2″W﻿ / ﻿41.939778°N 87.663389°W﻿ / 41.939778; -87.663389﻿ (Schlitz Brewery-Tied House on Southport (Former))",Lake View,,
Adolf Schmidt House,,"April 4, 2013",1917,"6331-33 N. Sheridan Road
41°59′51.0″N 87°39′18.6″W﻿ / ﻿41.997500°N 87.655167°W﻿ / 41.997500; -87.655167﻿ (Adolf Schmidt House)",Edgewater,,
Martin Schnitzius Cottage,,"December 6, 2012",1891,"1925 N. Fremont Street
41°55′0.9″N 87°39′2.7″W﻿ / ﻿41.916917°N 87.650750°W﻿ / 41.916917; -87.650750﻿ (Martin Schnitzius Cottage)",Lincoln Park,"January 11, 1976",
F. R. Schock House,,"January 20, 1999",1886,"5804 W. Midway Park
41°53′21.4″N 87°46′13″W﻿ / ﻿41.889278°N 87.77028°W﻿ / 41.889278; -87.77028﻿ (F. R. Schock House)",Austin,,
Marie Schock House,,"January 20, 1999",1888,"5749 W. Race Avenue
41°53′23.5″N 87°46′11″W﻿ / ﻿41.889861°N 87.76972°W﻿ / 41.889861; -87.76972﻿ (Marie Schock House)",Austin,,
Schoenhofen Brewery,,"July 13, 1988","Administration Building 1886, Powerhouse 1902","18th Street and Canalport Avenue
41°51′28.2″N 87°38′24.0″W﻿ / ﻿41.857833°N 87.640000°W﻿ / 41.857833; -87.640000﻿ (Schoenhofen Brewery)",Lower West Side,"December 27, 1978",
Schurz High School,,"December 7, 1979",1910,"3601 N. Milwaukee Avenue
41°56′51.3″N 87°44′7.0″W﻿ / ﻿41.947583°N 87.735278°W﻿ / 41.947583; -87.735278﻿ (Schurz High School)",Irving Park,,
"Sears, Roebuck and Co. District",,"March 18, 2015",1904–1916,"Bounded by S. Homan Avenue, W Arthington Street, S. Spaulding Avenue, and Baltimore and Ohio Railroad viaduct",North Lawndale,,
"Sears, Roebuck and Company Administration Building",,"September 4, 2002",1905–1914,"3333 W. Arthington Street
41°52′11.3″N 87°42′34.8″W﻿ / ﻿41.869806°N 87.709667°W﻿ / 41.869806; -87.709667﻿ (Sears, Roebuck and Company Administration Building)",North Lawndale,"June 2, 1978","June 2, 1978"
Second Presbyterian Church,,"September 28, 1977","1874, reconstructed in 1900","1936 S. Michigan Avenue
41°51′21.2″N 87°37′27.9″W﻿ / ﻿41.855889°N 87.624417°W﻿ / 41.855889; -87.624417﻿ (Second Presbyterian Church)",Near South Side,"December 27, 1974","February 27, 2013"
Seth Warner House,,"February 23, 2022",1869,"631 N. Central Avenue
41°53′32″N 87°45′53.6″W﻿ / ﻿41.89222°N 87.764889°W﻿ / 41.89222; -87.764889﻿ (Seth Warner House)",Austin,"June 3, 1982",
Seven Houses on Lake Shore Drive District,,"June 28, 1989",1889–1917,1250-60 and 1516-30 N. Lake Shore Drive,Near North Side,,
Sexton School,,"June 7, 1978",1882,"160 W. Wendell Street
41°54′6.3″N 87°38′1.7″W﻿ / ﻿41.901750°N 87.633806°W﻿ / 41.901750; -87.633806﻿ (Sexton School)",Near North Side,,
Shedd Park Fieldhouse,,"February 11, 2004","1917, Gymnasium Addition 1928","3669 W. 23rd Street
41°51′1.0″N 87°43′10.7″W﻿ / ﻿41.850278°N 87.719639°W﻿ / 41.850278; -87.719639﻿ (Shedd Park Fieldhouse)",South Lawndale,"December 30, 1974",
Sheridan Trust and Savings Bank Building,,"October 8, 2008","1924–1925, four-story addition 1928","4753 N. Broadway
41°58′8.3″N 87°39′32.8″W﻿ / ﻿41.968972°N 87.659111°W﻿ / 41.968972; -87.659111﻿ (Sheridan Trust and Savings Bank Building)",Uptown,,
Shoreland Hotel,,"September 8, 2010",1925–1926,"5454 S. Shore Drive
41°47′47.6″N 87°34′54.0″W﻿ / ﻿41.796556°N 87.581667°W﻿ / 41.796556; -87.581667﻿ (Shoreland Hotel)",Hyde Park,"May 14, 1986",
Soldiers' Home,,"April 16, 1996",Built in phases between 1864 and 1923,"739 E. 35th Street
41°49′53.2″N 87°36′28.4″W﻿ / ﻿41.831444°N 87.607889°W﻿ / 41.831444; -87.607889﻿ (Soldiers' Home)",Oakland,,
"South Pond Refectory
Men's and Ladies' Comfort Station",,"February 5, 2003","Comfort Station 1888, Refectory 1908","2021 N. Stockton Drive
41°55′9.4″N 87°38′2.0″W﻿ / ﻿41.919278°N 87.633889°W﻿ / 41.919278; -87.633889﻿ (South Pond Refectory)
2019 N. Stockton Drive
41°55′8.5″N 87°38′2.9″W﻿ / ﻿41.919028°N 87.634139°W﻿ / 41.919028; -87.634139﻿ (Men's and Ladies' Comfort Station)",Lincoln Park,"November 20, 1986",
South Shore Cultural Center,,"May 26, 2004",1916,"7059 S. South Shore Drive
41°46′10.2″N 87°33′48.7″W﻿ / ﻿41.769500°N 87.563528°W﻿ / 41.769500; -87.563528﻿ (South Shore Cultural Center)",South Shore,"March 4, 1975",
South Side Community Art Center,,"June 16, 1994","1892–1893, remodeled 1940","3831 S. Michigan Avenue
41°49′29.2″N 87°37′21.9″W﻿ / ﻿41.824778°N 87.622750°W﻿ / 41.824778; -87.622750﻿ (South Side Community Art Center)",Douglas,,
South Side Trust & Savings Bank Building,,"July 9, 2008",1922,"4659 S. Cottage Grove Avenue
41°48′35.6″N 87°36′21.9″W﻿ / ﻿41.809889°N 87.606083°W﻿ / 41.809889; -87.606083﻿ (South Side Trust & Savings Bank Building)",Kenwood,,
Spiegel Administration Building,,"May 4, 2011","1936, four floor addition 1941–1942","1038 W. 35th Street
41°49′52.1″N 87°39′7.3″W﻿ / ﻿41.831139°N 87.652028°W﻿ / 41.831139; -87.652028﻿ (Spiegel Administration Building)",Bridgeport,,
St. Charles Air Line Bridge,,"December 12, 2007",1917–1919,"North of 16th Street and East of Lumber Street, South Branch of the Chicago River
41°51′40.9″N 87°38′4.5″W﻿ / ﻿41.861361°N 87.634583°W﻿ / 41.861361; -87.634583﻿ (St. Charles Air Line Bridge)",Near South Side and Near West Side,,
St. Gelasius Church Building,,"January 14, 2004",1923–1928,"6401-09 S. Woodlawn Avenue
41°46′42.9″N 87°35′44.1″W﻿ / ﻿41.778583°N 87.595583°W﻿ / 41.778583; -87.595583﻿ (St. Gelasius Church Building)",Woodlawn,,
St. Ignatius College Prep Building,,"March 18, 1987","1869, West addition 1874","1076 W. Roosevelt Road
41°52′3.5″N 87°39′14.5″W﻿ / ﻿41.867639°N 87.654028°W﻿ / 41.867639; -87.654028﻿ (St. Ignatius College Prep Building)",Near West Side,"November 17, 1977",
St. Peter's Church and Parish House,,"October 31, 2018","1895, 1926","615-623 West Belmont Avenue
41°56′23.9″N 87°38′42.5″W﻿ / ﻿41.939972°N 87.645139°W﻿ / 41.939972; -87.645139﻿ (St. Peter's Church and Parish House)",Lake View,,
Statue of The Republic,,"June 4, 2003",1918,"Jackson Park, at the intersection of Hayes and Richards Drives
41°46′48.8″N 87°34′46.9″W﻿ / ﻿41.780222°N 87.579694°W﻿ / 41.780222; -87.579694﻿ (Statue of The Republic)",Woodlawn,,
Steger Building,,"April 4, 2013",1911,"28 E. Jackson Boulevard
41°52′42.7″N 87°37′35.4″W﻿ / ﻿41.878528°N 87.626500°W﻿ / 41.878528; -87.626500﻿ (Steger Building)",Loop,"November 27, 1998",
Steuben Club Building,,"July 26, 2006",1929,"188 W. Randolph Street
41°53′6.1″N 87°38′0.2″W﻿ / ﻿41.885028°N 87.633389°W﻿ / 41.885028; -87.633389﻿ (Steuben Club Building)",Loop,"May 22, 2007",
Graeme Stewart Elementary School,,"November 16, 2016",1907,"4505-4545 N. Kenmore Avenue
41°57′54.8″N 87°39′22.0″W﻿ / ﻿41.965222°N 87.656111°W﻿ / 41.965222; -87.656111﻿ (Graeme Stewart Elementary School)",Uptown,,
Stock Yards National Bank Building,,"October 8, 2008",1925,"4150 S. Halsted Street
41°49′8.4″N 87°38′47.0″W﻿ / ﻿41.819000°N 87.646389°W﻿ / 41.819000; -87.646389﻿ (Stock Yards National Bank Building)",North Lawndale,,
Stone Temple Baptist Church Building,,"June 22, 2016",1926,"3622 W. Douglas Boulevard
41°51′48.0″N 87°42′58.8″W﻿ / ﻿41.863333°N 87.716333°W﻿ / 41.863333; -87.716333﻿ (Stone Temple Baptist Church Building)",North Lawndale,,
Sunset Cafe,,"September 9, 1998","1909, remodeled 1921","315 E. 35th Street
41°49′51.7″N 87°37′7.1″W﻿ / ﻿41.831028°N 87.618639°W﻿ / 41.831028; -87.618639﻿ (Sunset Cafe)",Douglas,,
Supreme Life Building,,"September 9, 1998","1921, remodeled 1950","3501 S. Dr. Martin Luther King Jr. Drive
41°49′52.0″N 87°37′0.1″W﻿ / ﻿41.831111°N 87.616694°W﻿ / 41.831111; -87.616694﻿ (Supreme Life Building)",Douglas,,
Surf-Pine Grove District,,"July 19, 2007",,Predominantly 400- and 500-Blocks of W. Surf Street and 2800-Block of N. Pine Grove Avenue,Lake View,,
Swedish American State Bank Building,,"July 9, 2008",1913,"5400 N. Clark Street
41°58′48.6″N 87°40′6.8″W﻿ / ﻿41.980167°N 87.668556°W﻿ / 41.980167; -87.668556﻿ (Swedish American State Bank Building)",Edgewater,,
Lorado Taft's Midway Studios,,"December 1, 1993",,"6016 S. Ingleside Avenue
41°47′8.4″N 87°36′11.3″W﻿ / ﻿41.785667°N 87.603139°W﻿ / 41.785667; -87.603139﻿ (Lorado Taft's Midway Studios)",Woodlawn,"October 15, 1966","December 21, 1965"
Terra Cotta Row District,,"September 14, 2005",,Four buildings and decorative wall located at Oakdale and Seminary Avenues,Lake View,,
Thalia Hall,,"October 25, 1989",1892,"1215-25 W. 18th Street
41°51′28.1″N 87°39′27.1″W﻿ / ﻿41.857806°N 87.657528°W﻿ / 41.857806; -87.657528﻿ (Thalia Hall)",Lower West Side,,
Theurer-Wrigley House,,"August 10, 1979",,"2466 N. Lakeview Avenue
41°55′39.8″N 87°38′22.3″W﻿ / ﻿41.927722°N 87.639528°W﻿ / 41.927722; -87.639528﻿ (Theurer-Wrigley House)",Lincoln Park,"July 28, 1980",
Third Unitarian Church,,"February 6, 2008",,"301 N. Mayfield Avenue
41°53′9.7″N 87°46′17.7″W﻿ / ﻿41.886028°N 87.771583°W﻿ / 41.886028; -87.771583﻿ (Third Unitarian Church)",Austin,,
Three Arts Club,,"June 10, 1981",1914,"1300 N. Dearborn Street
41°54′22.2″N 87°37′49.8″W﻿ / ﻿41.906167°N 87.630500°W﻿ / 41.906167; -87.630500﻿ (Three Arts Club)",Near North Side,,
Emmett and Mamie Till-Mobley House,,"January 27, 2021",1895,"6427 S. Saint Lawrence Avenue
41°46′40.4″N 87°36′37.5″W﻿ / ﻿41.777889°N 87.610417°W﻿ / 41.777889; -87.610417﻿ (Emmett and Mamie Till-Mobley House)",Woodlawn,,
"Tree Studios, Annexes, and Courtyard",,"State Street building, February 26, 1997
Ohio Street and Ontario Street annexes and courtyard, June 27, 2001","State Street building 1894, Ohio Street annex 1912, Ontario Street annex 1913","601-623 N. State Street, 4-10 E. Ohio Street and 3-7 E. Ontario Street
41°53′34.0″N 87°37′40.8″W﻿ / ﻿41.892778°N 87.628000°W﻿ / 41.892778; -87.628000﻿ (Tree Studios, Annexes, and Courtyard)",Near North Side,"December 16, 1974",
Tribune Tower,,"February 1, 1989",1922–1925,"435 N. Michigan Avenue
41°53′26.6″N 87°37′24.1″W﻿ / ﻿41.890722°N 87.623361°W﻿ / 41.890722; -87.623361﻿ (Tribune Tower)",Near North Side,,
Truevine Missionary Baptist Church Building,,"February 7, 2007",,"6720 S. Stewart Avenue
41°46′19.6″N 87°38′6.9″W﻿ / ﻿41.772111°N 87.635250°W﻿ / 41.772111; -87.635250﻿ (Truevine Missionary Baptist Church Building)",Englewood,,
Lyman Trumbull Public School Building (Former),,"September 18, 2019",1908–1909,"5200 N. Ashland Avenue
41°58′36.9″N 87°40′12.2″W﻿ / ﻿41.976917°N 87.670056°W﻿ / 41.976917; -87.670056﻿ (Lyman Trumbull Public School Building (Former))",Edgewater,,
Trustees System Service Building,,"January 14, 2004",1929–1930,"201 N. Wells Street
41°53′10.1″N 87°38′1.3″W﻿ / ﻿41.886139°N 87.633694°W﻿ / 41.886139; -87.633694﻿ (Trustees System Service Building)",Loop,"September 3, 1998",
Turzak House,,"December 9, 1992",,"7059 N. Olcott Avenue
42°0′35.0″N 87°48′47.9″W﻿ / ﻿42.009722°N 87.813306°W﻿ / 42.009722; -87.813306﻿ (Turzak House)",Edison Park,,
Ukrainian Village District,,"December 4, 2002, extended July 27, 2005 and April 11, 2007",,"Portions of the area bounded by W. Chicago Avenue, N. Damen Avenue, W. Division Street, and N. Western Avenue",West Town,,
Union Park Hotel,,"June 9, 2010",1929–1930,"1519–1521 W. Warren Boulevard
41°52′56.1″N 87°39′58.1″W﻿ / ﻿41.882250°N 87.666139°W﻿ / 41.882250; -87.666139﻿ (Union Park Hotel)",Near West Side,,
Union Station,,"May 1, 2002",,"210 S. Canal Street
41°52′43.0″N 87°38′22.6″W﻿ / ﻿41.878611°N 87.639611°W﻿ / 41.878611; -87.639611﻿ (Union Station)",Near West Side,,
Union Stock Yard Gate,,"February 24, 1972",,"W. Exchange Avenue and S. Peoria Street
41°49′8.0″N 87°38′54.6″W﻿ / ﻿41.818889°N 87.648500°W﻿ / 41.818889; -87.648500﻿ (Union Stock Yard Gate)",New City,"December 27, 1972","May 29, 1981"
Unity Hall,,"September 9, 1998",,"3140 S. Indiana Avenue
41°50′14.2″N 87°37′20.1″W﻿ / ﻿41.837278°N 87.622250°W﻿ / 41.837278; -87.622250﻿ (Unity Hall)",Douglas,"April 30, 1986",
Uptown Square District,,"December 14, 2016",1901–1939,North Broadway between Lawrence and Wilson Avenues; Lawrence Avenue between Broadway and Sheridan Road,Uptown,,
Uptown Theatre,,"October 2, 1991",,"4816 N. Broadway
41°58′10.8″N 87°39′36.1″W﻿ / ﻿41.969667°N 87.660028°W﻿ / 41.969667; -87.660028﻿ (Uptown Theatre)",Uptown,"November 20, 1986",
Vassar Swiss Underwear Company Building,,"July 30, 2008",,"2543-45 W. Diversey Avenue
41°55′56.0″N 87°41′31.4″W﻿ / ﻿41.932222°N 87.692056°W﻿ / 41.932222; -87.692056﻿ (Vassar Swiss Underwear Company Building)",Logan Square,"September 17, 2008",
Veseman Building,,"December 12, 2007","c. 1880 (original two-story building), 1930 (new façade & third-floor addition)","442-444 N. LaSalle Street
41°53′13.7″N 87°37′56.8″W﻿ / ﻿41.887139°N 87.632444°W﻿ / 41.887139; -87.632444﻿ (Veseman Building)",Near North Side,,
Victory Monument,,"September 9, 1998",,"E. 35th Street and S. Dr. Martin Luther King Jr. Drive
41°49′50.0″N 87°37′1.7″W﻿ / ﻿41.830556°N 87.617139°W﻿ / 41.830556; -87.617139﻿ (Victory Monument)",Douglas,"April 30, 1986",
Villa District,,"November 23, 1983",,"3600 through 3800-blocks of N. Avers, Hamlin, Harding and Springfield Avenues",Irving Park,"September 11, 1979",
Village Theatre,,"May 13, 2009",1915–1916,"1546-50 N. Clark Street
41°54′39.4″N 87°37′54.8″W﻿ / ﻿41.910944°N 87.631889°W﻿ / 41.910944; -87.631889﻿ (Village Theatre)",Near North Side,,
Vorwaerts Turner Hall,,"November 18, 2009",,"2431-33 W. Roosevelt Road
41°51′59.5″N 87°41′14.5″W﻿ / ﻿41.866528°N 87.687361°W﻿ / 41.866528; -87.687361﻿ (Vorwaerts Turner Hall)",Near West Side,,
Wabash Avenue YMCA,,"September 9, 1998",,"3763 S. Wabash Avenue
41°49′32.7″N 87°37′27.8″W﻿ / ﻿41.825750°N 87.624389°W﻿ / 41.825750; -87.624389﻿ (Wabash Avenue YMCA)",Douglas,"April 30, 1986",
Waller Apartments,,"March 2, 1994",,"2840-58 W. Walnut Street
41°53′8.9″N 87°41′53.0″W﻿ / ﻿41.885806°N 87.698056°W﻿ / 41.885806; -87.698056﻿ (Waller Apartments)",East Garfield Park,,
Walser House,,"March 30, 1984",,"42 N. Central Avenue
41°52′54.0″N 87°45′55.2″W﻿ / ﻿41.881667°N 87.765333°W﻿ / 41.881667; -87.765333﻿ (Walser House)",Austin,"April 23, 2013",
James Ward Public School,,"September 14, 2005",1910,"2703 S. Shields Avenue
41°50′38.9″N 87°38′7.7″W﻿ / ﻿41.844139°N 87.635472°W﻿ / 41.844139; -87.635472﻿ (James Ward Public School)",Armour Square,,
The Warehouse,,"June 21, 2023",,"206 S. Jefferson Street
41°52′45.4″N 87°38′34.1″W﻿ / ﻿41.879278°N 87.642806°W﻿ / 41.879278; -87.642806﻿ (The Warehouse)",Near West Side,,
Augustus Warner House,,"September 5, 2013",,"1337 N. Dearborn Street
41°54′25.3″N 87°37′47.2″W﻿ / ﻿41.907028°N 87.629778°W﻿ / 41.907028; -87.629778﻿ (Augustus Warner House)",Near North Side,"January 30, 1978",
Washington Block,,"January 14, 1997",1873–1874,"40 N. Wells Street
41°52′59.0″N 87°38′2.6″W﻿ / ﻿41.883056°N 87.634056°W﻿ / 41.883056; -87.634056﻿ (Washington Block)",Loop,,
Washington Park Court District,,"October 2, 1991",,4900-4959 S. Washington Park Court; and 417-439 E. 50th Street,Grand Boulevard,,
"Washington Square Park, Chicago",,"May 16, 1990",,"901 N. Clark Street
41°53′57.9″N 87°37′50.0″W﻿ / ﻿41.899417°N 87.630556°W﻿ / 41.899417; -87.630556﻿ (Washington Square Park, Chicago)",Near North Side,"May 20, 1991",
Washington Square Historic District,,"May 16, 1990",,"Washington Square Park, N. Dearborn Street, from W. Walton Street to W. Chicago Avenue.",Near North Side,"August 21, 2003",
Washington Square District Extension,,"July 10, 2002",,"22-28 and 27-31 W. Chestnut Street and 802–818, 827–867, 1012, 1023–1029 and 1150–1154 N. Dearborn Street",Near North Side,,
"Washington Square District Extension, Isaac Maynard Row Houses",,"May 11, 2005",,119-123 W. Delaware Place,Near North Side,,
Old Chicago Water Tower District,,"October 6, 1971;
amended June 10, 1981",,806/821 N. Michigan Avenue,Near North Side,"April 23, 1975",
Dr. Philip Weintraub House,,"November 18, 2009",,"3252 W. Victoria Street
41°59′10.0″N 87°42′40.2″W﻿ / ﻿41.986111°N 87.711167°W﻿ / 41.986111; -87.711167﻿ (Dr. Philip Weintraub House)",North Park,,
Ida B. Wells-Barnett House,,"October 2, 1995",,"3624 S. Dr. Martin Luther King Jr. Drive
41°49′43.5″N 87°37′3.2″W﻿ / ﻿41.828750°N 87.617556°W﻿ / 41.828750; -87.617556﻿ (Ida B. Wells-Barnett House)",Douglas,"May 30, 1974","May 30, 1974"
West Burton Place District,,"June 22, 2016",,143-161 W. Burton Place and 150-160 W. Burton Place,Near North Side,"December 6, 2007",
West Pullman Elementary School,,"May 25, 2018","1894, 1900, 1923","11917-11951 S. Parnell Avenue
41°40′40.0″N 87°38′8.0″W﻿ / ﻿41.677778°N 87.635556°W﻿ / 41.677778; -87.635556﻿ (West Pullman Elementary School)",West Pullman,,
West Side YMCA/YWCA Complex,,"November 14, 2018",1907–1931,"1513-1539 W. Monroe Street and 101-109 S. Ashland Avenue
41°40′39.7″N 87°38′7.9″W﻿ / ﻿41.677694°N 87.635528°W﻿ / 41.677694; -87.635528﻿ (West Side YMCA/YWCA Complex)",Near West Side,,
West Town State Bank Building,,"October 1, 2003",,"2400 W. Madison Street
41°52′53.3″N 87°41′12.2″W﻿ / ﻿41.881472°N 87.686722°W﻿ / 41.881472; -87.686722﻿ (West Town State Bank Building)",Near West Side,,
Albert G. Wheeler House,,"April 4, 2013",,"970 W. Sheridan Road
41°59′55.9″N 87°39′20.0″W﻿ / ﻿41.998861°N 87.655556°W﻿ / 41.998861; -87.655556﻿ (Albert G. Wheeler House)",Rogers Park,,
Wheeler-Kohn House,,"February 5, 1998",,"2018 S. Calumet Avenue
41°51′18.2″N 87°37′10.0″W﻿ / ﻿41.855056°N 87.619444°W﻿ / 41.855056; -87.619444﻿ (Wheeler-Kohn House)",Near South Side,"August 12, 1999",
Whistle Stop Inn,,"December 5, 1990",,"4200 W. Irving Park Road
41°57′14.3″N 87°43′57.8″W﻿ / ﻿41.953972°N 87.732722°W﻿ / 41.953972; -87.732722﻿ (Whistle Stop Inn)",Irving Park,,
White Castle #16,,"October 5, 2011",1930,"43 E. Cermak Road
41°51′10.0″N 87°37′31.2″W﻿ / ﻿41.852778°N 87.625333°W﻿ / 41.852778; -87.625333﻿ (White Castle #16)",Near South Side,,
Wholesale Furniture Exposition Building,,"October 8, 2014",1904,"1323 S. Michigan Avenue
41°51′54.7″N 87°37′25.7″W﻿ / ﻿41.865194°N 87.623806°W﻿ / 41.865194; -87.623806﻿ (Wholesale Furniture Exposition Building)",Near South Side,,
Wicker Park District,,"April 12, 1991",,"Bounded by N. Bell Avenue, W. Caton Street, N. Leavitt Street, W. Potomac Avenue and ""L"" tracks",West Town,,
Wingert House,,"July 31, 1990",,"6231 N. Canfield Avenue
41°59′40.0″N 87°49′18.4″W﻿ / ﻿41.994444°N 87.821778°W﻿ / 41.994444; -87.821778﻿ (Wingert House)",Norwood Park,,
Woman's Athletic Club,,"October 2, 1991",1928,"626 N. Michigan Avenue
41°53′36.8″N 87°37′28.6″W﻿ / ﻿41.893556°N 87.624611°W﻿ / 41.893556; -87.624611﻿ (Woman's Athletic Club)",Near North Side,,
Wood-Maxey-Boyd House,,"October 1, 2003",,"2801 S. Prairie Avenue
41°50′36.3″N 87°37′11.9″W﻿ / ﻿41.843417°N 87.619972°W﻿ / 41.843417; -87.619972﻿ (Wood-Maxey-Boyd House)",Douglas,,
Richard Wright House,,"February 10, 2010",,"4831 S. Vincennes Avenue
41°48′24.6″N 87°36′49.0″W﻿ / ﻿41.806833°N 87.613611°W﻿ / 41.806833; -87.613611﻿ (Richard Wright House)",Grand Boulevard,,
Wrigley Building,,"May 9, 2012",1921,"400-410 N. Michigan Avenue
41°53′21.7″N 87°37′27.7″W﻿ / ﻿41.889361°N 87.624361°W﻿ / 41.889361; -87.624361﻿ (Wrigley Building)",Near North Side,,
Wrigley Field,,"February 11, 2004",,"1060 W. Addison Street
41°56′55.0″N 87°39′19.3″W﻿ / ﻿41.948611°N 87.655361°W﻿ / 41.948611; -87.655361﻿ (Wrigley Field)",Lake View,,
Yale Apartments,,"April 9, 2003",,"6565 S. Yale Avenue
41°46′29.6″N 87°37′52.8″W﻿ / ﻿41.774889°N 87.631333°W﻿ / 41.774889; -87.631333﻿ (Yale Apartments)",Englewood,"March 5, 1998",
Yondorf Block and Hall,,"July 25, 2001",,"758 W. North Avenue
41°54′40.9″N 87°38′52.8″W﻿ / ﻿41.911361°N 87.648000°W﻿ / 41.911361; -87.648000﻿ (Yondorf Block and Hall)",Lincoln Park,"November 13, 1984",
